"Nama Sekolah","NPSN","Jenjang","Status","Siswa","Guru","Pegawai","R. Kelas","R. Lab","R. Perpus"
"TK NEGERI PEMBINA 1","10259382","TK","Negeri","94","8","2","6","0","1"
"PINEAPPLE","69989754","TK","Swasta","71","2","1","8","1","1"
"TK ABA 13","69858840","TK","Swasta","69","5","2","5","0","0"
"TK AT TIIN","10260210","TK","Swasta","37","6","1","4","0","0"
"TK CITRA INDONESIA 1","10259406","TK","Swasta","26","2","1","2","0","0"
"TK FREE METHODIST","69797307","TK","Swasta","69","7","1","6","0","1"
"TK HASANUDDIN","10259932","TK","Swasta","22","1","1","4","0","1"
"TK IKAL","10259380","TK","Swasta","64","8","1","2","1","1"
"TK KALAM KUDUS 2","10259036","TK","Swasta","64","4","2","5","0","0"
"TK KARTIKA I - 23","10259396","TK","Swasta","38","5","1","3","0","1"
"TK KARYA BHAKTI","69797326","TK","Swasta","13","1","1","2","0","0"
"TK KURNIA 1","10259136","TK","Swasta","20","3","1","3","0","0"
"TK MARKUS","10259929","TK","Swasta","58","3","1","5","0","0"
"TK NAJMAH RUGAYAH DARUS","69797412","TK","Swasta","52","5","1","4","0","0"
"TK NOVIA","10259936","TK","Swasta","44","4","1","2","0","0"
"TK SANTO THOMAS 1","69910027","TK","Swasta","54","3","1","4","0","0"
"TK SWASTA ABA C MEDAN","69916100","TK","Swasta","37","1","1","3","0","0"
"TK SWASTA ABI AND UMI","69977386","TK","Swasta","30","7","2","11","0","0"
"TK SWASTA AL WARIF MEDAN","69974019","TK","Swasta","26","4","1","2","0","0"
"TK SWASTA ASNAWIYAH","69901547","TK","Swasta","24","3","1","5","0","0"
"TK SWASTA ETIS LANDIA","69952283","TK","Swasta","60","0","2","2","0","0"
"TK SWASTA ISLAM DERMAWAN","69797405","TK","Swasta","24","2","1","2","0","0"
"TK SWASTA KARTIKA I-1","10259986","TK","Swasta","59","3","1","3","0","0"
"TK SWASTA KATOLIK MARIANA","69910026","TK","Swasta","6","1","0","2","0","0"
"TK SWASTA KATOLIK SANTO IGNATIUS","69907097","TK","Swasta","25","3","1","4","0","0"
"TK SWASTA METHODIST-6","10260102","TK","Swasta","162","9","2","6","0","1"
"TK SWASTA NURUL IMAN","69914557","TK","Swasta","20","3","1","2","0","0"
"TK SWASTA PEKERTI BANGSA","70005264","TK","Swasta","29","9","1","2","0","0"
"TK SWASTA RAUSYAN KIDS","69953049","TK","Swasta","42","1","1","2","0","0"
"TK SWASTA TELADAN MEDAN","69929416","TK","Swasta","20","1","1","2","0","0"
"TK SWASTA TUNAS PRESTASI","69962507","TK","Swasta","51","4","1","4","0","0"
"TKS INTEGRITAS BANGSA","69753191","TK","Swasta","100","11","1","7","0","1"
"KB BINTANG KEJORA","69959600","KB","Swasta","25","4","2","2","0","0"
"KB MATAHARI SCHOOL","69981905","KB","Swasta","80","7","1","7","0","0"
"KB SYAWAL","69962318","KB","Swasta","59","5","1","3","0","0"
"PAUD AL IHSAN MULIA","69913678","KB","Swasta","7","1","0","1","0","0"
"PAUD CEMPAKA MAS","69797372","KB","Swasta","66","5","1","2","0","0"
"PAUD CENDIKIA","69901249","KB","Swasta","17","2","1","3","0","1"
"PAUD DEWI SARTIKA","69797429","KB","Swasta","24","3","2","2","0","0"
"PAUD DWI KORA","69906685","KB","Swasta","15","2","2","1","0","0"
"PAUD EKA PRASETYA","69900471","KB","Swasta","19","2","1","1","0","0"
"PAUD INDAH CEMERLANG","69953728","KB","Swasta","15","3","1","2","0","0"
"PAUD KARTIKA PD I/BUKIT BARISAN","69937500","KB","Swasta","33","2","1","2","0","0"
"PAUD KHARISMA","69990746","KB","Swasta","52","5","1","5","0","0"
"PAUD MELATI","69858869","KB","Swasta","21","2","1","2","0","0"
"PAUD MELATI TIMUR","69916959","KB","Swasta","17","4","1","2","0","0"
"PAUD METRO","69913934","KB","Swasta","19","1","1","2","0","0"
"PAUD MUTIARA","69858868","KB","Swasta","30","2","1","2","0","0"
"UPT SD NEGERI 060903","10220713","SD","Negeri","280","15","3","11","1","1"
"UPT SD NEGERI 064021","10209800","SD","Negeri","149","13","2","8","0","1"
"UPT SD NEGERI 064981","10220714","SD","Negeri","312","19","3","9","0","1"
"UPT SD NEGERI 064982","10209877","SD","Negeri","124","9","2","8","1","1"
"UPT SD NEGERI 064983","10209862","SD","Negeri","471","20","3","8","1","1"
"UPT SD NEGERI 064984","10220715","SD","Negeri","252","12","3","8","0","1"
"UPT SD NEGERI 064985","10220717","SD","Negeri","378","17","3","14","0","1"
"UPT SD NEGERI 065854","10209856","SD","Negeri","557","24","5","7","0","0"
"UPT SD NEGERI 066041","10220720","SD","Negeri","86","8","1","6","0","1"
"UPT SD NEGERI 066043","10258863","SD","Negeri","113","11","3","6","0","1"
"UPT SD NEGERI 066044","10220725","SD","Negeri","182","12","3","10","0","1"
"UPT SD NEGERI 066045","10220727","SD","Negeri","231","15","5","6","1","1"
"UPT SD NEGERI 066046","10220729","SD","Negeri","254","14","1","12","1","1"
"UPT SD NEGERI 066047","10220731","SD","Negeri","288","17","2","12","1","1"
"UPT SD NEGERI 066048","10220733","SD","Negeri","205","12","3","7","1","1"
"UPT SD NEGERI 066049","10220734","SD","Negeri","236","15","2","10","0","1"
"UPT SD NEGERI 066652","10220737","SD","Negeri","334","17","3","6","0","1"
"UPT SD NEGERI 066653","10220739","SD","Negeri","294","16","2","8","1","1"
"UPT SD NEGERI 066654","10257868","SD","Negeri","560","24","1","18","1","1"
"UPT SD NEGERI 067093","10220741","SD","Negeri","291","18","3","13","1","1"
"UPT SD NEGERI 067978","10220743","SD","Negeri","158","11","3","7","0","1"
"SD IT AL- IKRAM","70000537","SD","Swasta","185","8","3","7","0","1"
"SD IT SULTAN ANDIRJA","70033564","SD","Swasta","35","9","2","5","0","0"
"SD PEKERTI BANGSA","70005128","SD","Swasta","100","9","1","6","1","1"
"SD PINEAPPLE PREMIER SCHOOL","69990255","SD","Swasta","78","7","3","10","1","1"
"SDS AL WASHLIYAH","10257557","SD","Swasta","264","7","1","6","1","1"
"SDS AL WASHLIYAH AMPERA II","10220724","SD","Swasta","254","15","2","12","2","1"
"SDS AMAL LUHUR","10220726","SD","Swasta","151","8","2","8","0","1"
"SDS AR-RAHMAN","10220760","SD","Swasta","86","9","3","10","1","1"
"SDS BAKTI LUHUR","10220728","SD","Swasta","217","18","3","13","1","1"
"SDS CITRA INDONESIA","10220761","SD","Swasta","285","14","0","12","1","0"
"SDS DWIKORA","10220758","SD","Swasta","335","13","1","12","0","1"
"SDS EKA PRASETYA","10215132","SD","Swasta","257","9","1","9","2","1"
"SDS ETIS LANDIA","10259279","SD","Swasta","243","10","1","7","1","0"
"SDS FREE METHODIST 1","10220740","SD","Swasta","564","26","2","26","2","1"
"SDS FREE METHODIST 2","10257931","SD","Swasta","578","27","3","26","2","1"
"SDS HASANUDDIN MEDAN","10220730","SD","Swasta","292","18","4","15","2","1"
"SDS IKAL","10220738","SD","Swasta","575","32","2","28","4","1"
"SDS INTEGRITAS BANGSA","69894981","SD","Swasta","554","30","1","23","2","1"
"SDS ISLAM TERPADU CENDEKIA","10220762","SD","Swasta","501","23","4","21","1","1"
"SDS KARTIKA I-1","10220735","SD","Swasta","208","11","2","9","1","1"
"SDS KARTIKA I-2","10220736","SD","Swasta","220","11","1","8","1","1"
"SDS KATOLIK MARIANA","10220732","SD","Swasta","95","6","1","6","2","1"
"SDS KATOLIK ST IGNATIUS","10220757","SD","Swasta","88","6","2","6","2","2"
"SDS KRISTEN KALAM KUDUS-2","10220759","SD","Swasta","487","26","2","24","2","1"
"SDS MARKUS","10257612","SD","Swasta","311","14","1","12","1","1"
"SDS METHODIST 6","10210665","SD","Swasta","718","25","2","21","2","1"
"SDS MUHAMMADIYAH 12","10220712","SD","Swasta","223","17","1","17","1","1"
"SDS MUHAMMADIYAH 31","10220768","SD","Swasta","302","18","2","16","1","1"
"SDS NAHDLATUL ULAMA","10259216","SD","Swasta","60","2","1","6","0","0"
"SDS PAB 26","10220718","SD","Swasta","211","8","2","5","0","1"
"SDS RAHMAT ISLAMIYAH","10220769","SD","Swasta","291","13","1","14","1","1"
"SDS ST.THOMAS 2","10220721","SD","Swasta","460","21","5","25","0","1"
"SDS TELADAN","10220716","SD","Swasta","133","7","2","9","0","1"
"UPT SMP NEGERI 18 MEDAN","10210967","SMP","Negeri","1063","56","5","32","2","1"
"UPT SMP NEGERI 40 MEDAN","10210991","SMP","Negeri","766","44","4","24","3","1"
"SMP AL WASHLIYAH AMPERA II","10210204","SMP","Swasta","202","13","0","12","2","1"
"SMP AMAL LUHUR","10210212","SMP","Swasta","167","9","2","6","3","1"
"SMP APIPSU MEDAN","10210223","SMP","Swasta","63","6","1","3","1","1"
"SMP AR RAHMAN","10210221","SMP","Swasta","154","11","1","7","2","1"
"SMP EKA PRASETYA","10259146","SMP","Swasta","315","19","4","15","4","1"
"SMP FREE METHODIST 1","10220904","SMP","Swasta","445","19","2","13","2","1"
"SMP IT AL-IKRAM","70036948","SMP","Swasta","25","1","1","1","0","0"
"SMP KARTIKA I-2","10257319","SMP","Swasta","243","16","6","11","3","1"
"SMP KATOLIK MARIANA","10257320","SMP","Swasta","97","5","1","6","2","1"
"SMP KRISTEN KALAM KUDUS-2 MEDAN","69963889","SMP","Swasta","217","9","1","8","2","1"
"SMP MARISI","10257673","SMP","Swasta","160","9","2","9","2","1"
"SMP MARKUS","10210141","SMP","Swasta","254","10","1","10","2","1"
"SMP METHODIST 6","10257323","SMP","Swasta","341","10","2","12","2","1"
"SMP MUHAMMADIYAH 4","10210105","SMP","Swasta","79","5","1","8","0","1"
"SMP NU MEDAN","10259147","SMP","Swasta","124","7","1","7","2","1"
"SMP SW. KARYA BHAKTI","10259843","SMP","Swasta","26","3","2","6","2","1"
"SMP SWASTA FREE METHODIST-2","10257926","SMP","Swasta","378","12","1","18","1","2"
"SMP SWASTA IKAL","10257317","SMP","Swasta","227","15","8","11","3","1"
"SMP SWASTA INTEGRITAS BANGSA","70006299","SMP","Swasta","126","10","1","4","2","1"
"SMP SWASTA RAHMAT ISLAMIYAH","10211028","SMP","Swasta","276","14","3","8","2","1"
"SMP SWASTA SANTO THOMAS 3 MEDAN","10211004","SMP","Swasta","286","17","8","16","2","1"
"SMP SWASTA TELADAN","10211052","SMP","Swasta","128","11","1","9","5","1"
"SMP SWT KATOLIK ST IGNATIUS","10210038","SMP","Swasta","80","6","2","4","4","1"
"SMP SWT.ETIS LANDIA","10258491","SMP","Swasta","237","11","1","13","2","1"
"SMPS AL-IHSAN MULIA","69889093","SMP","Swasta","190","8","1","4","1","1"
"SMAN 12 MEDAN","10210876","SMA","Negeri","986","56","8","28","5","1"
"SMA SWASTA MUHAMMADIYAH 3 MEDAN","69932312","SMA","Swasta","38","0","1","3","1","1"
"SMAS APIPSU MEDAN","10210800","SMA","Swasta","59","9","1","3","1","1"
"SMAS AR RAHMAN","10210801","SMA","Swasta","178","17","1","9","6","1"
"SMAS EKA PRASETYA","10210707","SMA","Swasta","175","12","2","9","5","1"
"SMAS ETISLANDIA","10258492","SMA","Swasta","240","10","1","12","2","1"
"SMAS FREE METHODIST","10210710","SMA","Swasta","463","19","2","18","1","1"
"SMAS KARTIKA 1-2 MEDAN","10210745","SMA","Swasta","670","33","10","23","2","1"
"SMAS KATOLIK MARIANA","10210734","SMA","Swasta","78","9","1","7","3","1"
"SMAS KATOLIK ST IGNATIUS","10259081","SMA","Swasta","64","6","2","5","5","1"
"SMAS MARISI MEDAN","10210869","SMA","Swasta","222","17","4","9","5","1"
"SMAS MARKUS MEDAN","10210900","SMA","Swasta","334","4","1","9","5","2"
"SMAS METHODIST 6 MEDAN","69733773","SMA","Swasta","256","16","1","10","6","1"
"SMAS NAHDATUL ULAMA","10210882","SMA","Swasta","90","9","1","6","2","1"
"SMAS RAHMAT ISLAMIYAH","10257549","SMA","Swasta","159","3","2","6","2","1"
"SMAS SANTO THOMAS 3 MEDAN","10210879","SMA","Swasta","420","21","7","25","6","1"
"SMAS TELADAN CINTA DAMAI","10210823","SMA","Swasta","108","8","1","20","6","1"
"SMK Swasta Markus 2 Medan","10211215","SMK","Swasta","223","7","2","13","4","1"
"SMKS ARRAHMAN","10259348","SMK","Swasta","346","23","3","28","1","1"
"SMKS EKA PRASETYA MEDAN","10211246","SMK","Swasta","301","31","6","35","3","1"
"SMKS FREE METHODIST","69816267","SMK","Swasta","253","9","1","9","3","1"
"SMKS HASANUDDIN","10211223","SMK","Swasta","32","3","1","7","3","1"
"SMKS KARYA BHAKTI","10211228","SMK","Swasta","23","5","2","3","1","2"
"SMKS KATOLIK MARIANA","10211240","SMK","Swasta","74","6","2","3","1","1"
"SMKS MARISI","10211088","SMK","Swasta","489","28","7","18","3","1"
"SMKS MARKUS 1","10211276","SMK","Swasta","86","8","0","12","4","2"
"SMKS NAHDLATUL ULAMA 2","10211095","SMK","Swasta","177","8","1","7","2","1"
"SMKS PELAYARAN BAHARI","10260085","SMK","Swasta","15","6","3","4","3","1"
"SMKS RAHMAT ISLAMIYAH","10211268","SMK","Swasta","363","7","2","20","3","3"
"SMKS TELADAN SUMATERA UTARA 1","10210781","SMK","Swasta","64","3","1","9","2","1"
"SMKS TELADAN SUMATERA UTARA 2","10211078","SMK","Swasta","202","15","3","18","6","1"
"PKBM ALAM MEDAN SEJAHTERA","P9996245","PKBM","Swasta","132","9","2","12","0","0"
"PKBM AT-TIIN","P9996503","PKBM","Swasta","25","3","0","4","0","0"
"PKBM BINA TUNAS MUDA CAKRAWALA","P9996870","PKBM","Swasta","223","1","2","3","0","0"
"PKBM HOMESCHOOLING ABI and UMMI","P9996526","PKBM","Swasta","100","12","1","6","0","1"
"PKBM PUSPA","P2963563","PKBM","Swasta","239","0","1","3","1","1"
"SLB-E NEGERI PEMBINA TINGKAT PROVINSI","10259470","SLB","Negeri","471","76","3","62","1","1"
"SLB MARKUS MEDAN","10259460","SLB","Swasta","59","4","1","12","0","1"
"PAUD IBUNDA SAYANG","69858839","TK","Swasta","20","3","1","2","0","0"
"TK ABA MELATI","10259727","TK","Swasta","24","2","1","3","0","1"
"TK AL HIRA","69797315","TK","Swasta","17","2","1","2","0","0"
"TK AN NIZAM","69908371","TK","Swasta","100","15","2","10","0","0"
"TK AN-NAMIROH","70000869","TK","Swasta","23","3","0","2","0","0"
"TK BODHICITTA","69944597","TK","Swasta","158","18","2","6","0","0"
"TK DHARMA SAKTI","10259734","TK","Swasta","10","1","2","2","0","1"
"TK PARULIAN 2","69797391","TK","Swasta","13","1","1","2","0","0"
"TK SWASTA ABA 36","10261413","TK","Swasta","28","2","1","3","0","0"
"TK SWASTA AISYIYAH BUSTANUL ATHFAL NO.20","69908369","TK","Swasta","108","7","1","5","0","0"
"TK SWASTA AISYIYAH BUSTANUL ATHFAL NO.21","69908320","TK","Swasta","60","6","1","4","0","0"
"TK SWASTA AL-JAMAIYAH","69908319","TK","Swasta","92","9","1","7","0","0"
"TK SWASTA AL-QALAMY","70004236","TK","Swasta","41","2","2","5","0","0"
"TK SWASTA AMALIA","69909368","TK","Swasta","13","0","1","2","0","0"
"TK SWASTA ASAHAN BHAKTI","69908317","TK","Swasta","17","2","2","2","0","0"
"TK SWASTA BAPTIS INDEPENDEN","69908321","TK","Swasta","37","2","1","2","0","0"
"TK SWASTA BETANIA","69909538","TK","Swasta","22","1","1","3","0","0"
"TK SWASTA DHARMA WANITA","69797349","TK","Swasta","38","3","1","2","0","0"
"TK SWASTA GIMIN","69909369","TK","Swasta","30","1","1","2","0","0"
"TK SWASTA GLORIA","69910621","TK","Swasta","24","1","1","2","0","0"
"TK SWASTA HIDUP BARU","69797329","TK","Swasta","28","2","2","4","0","0"
"TK SWASTA HOPE KIDS","69933836","TK","Swasta","33","3","0","2","0","0"
"TK SWASTA ISLAM TERPADU HIKMATUL FADHILLAH","69797308","TK","Swasta","107","9","2","7","0","1"
"TK SWASTA JENDERAL SUDIRMAN","69932200","TK","Swasta","102","3","1","8","0","0"
"TK SWASTA RUSYDA","69797316","TK","Swasta","31","3","1","3","0","0"
"TK SWASTA ST ANTONIUS 2","69797330","TK","Swasta","63","3","3","3","0","0"
"TK SWASTA SUKA CERIA","70012606","TK","Swasta","50","6","3","4","0","0"
"TK SWASTA SYARIF AR RASYID ISLAMIC SCHOOL","69963686","TK","Swasta","7","2","0","2","0","1"
"TK SWASTA THOMAS ALVA EDISON","69981811","TK","Swasta","90","5","1","4","0","1"
"TK ULUL ILMI KOTA MEDAN","69929134","TK","Swasta","63","10","2","5","0","1"
"BUAH HATI","69797332","KB","Swasta","19","1","1","2","0","0"
"KB GRACEA KIDS","70000510","KB","Swasta","18","1","1","1","0","0"
"KB NURA ALMADANI","70002988","KB","Swasta","36","2","1","2","0","1"
"KB TABITHA","69975474","KB","Swasta","18","2","1","2","0","0"
"PAUD AL-RASYID","69858855","KB","Swasta","46","4","2","2","0","0"
"PAUD ARRINI","69858889","KB","Swasta","88","8","2","4","0","0"
"PAUD AWLADI AKBAR SCHOOL","69858851","KB","Swasta","37","2","1","3","0","0"
"PAUD ELIM ANUGRAH","69903601","KB","Swasta","13","2","1","2","0","0"
"PAUD FATHIN HAKIM","69956736","KB","Swasta","18","5","0","2","0","0"
"PAUD GOLDEN KIDS","69901549","KB","Swasta","65","5","2","8","0","0"
"PAUD INDAH","69918577","KB","Swasta","32","2","1","2","0","1"
"PAUD INSANI","69858852","KB","Swasta","40","3","1","5","0","0"
"PAUD MENTARI","69907871","KB","Swasta","27","4","1","2","0","1"
"PAUD PELITA HIDUP","69953992","KB","Swasta","24","2","1","2","0","0"
"PAUD SINAR KIDS","69927067","KB","Swasta","15","2","2","2","0","0"
"PAUD SURAWIJAYA","69797360","KB","Swasta","13","1","1","2","0","0"
"PAUD TUNAS MEKAR","69903605","KB","Swasta","88","7","1","6","0","0"
"SAHABAT BARU","69797413","KB","Swasta","43","2","2","3","0","0"
"UPT SD NEGERI 060908","10210231","SD","Negeri","227","21","2","12","0","1"
"UPT SD NEGERI 060909","10209969","SD","Negeri","116","9","3","7","0","0"
"UPT SD NEGERI 060910","10209968","SD","Negeri","418","22","5","27","0","1"
"UPT SD NEGERI 060911","10209967","SD","Negeri","488","21","0","6","1","1"
"UPT SD NEGERI 060912","10209966","SD","Negeri","577","26","3","10","0","0"
"UPT SD NEGERI 064035","10209834","SD","Negeri","90","11","3","7","0","1"
"UPT SD NEGERI 064970","10209876","SD","Negeri","181","12","2","8","0","1"
"UPT SD NEGERI 064972","10209886","SD","Negeri","655","31","5","12","0","1"
"UPT SD NEGERI 064975","10209857","SD","Negeri","274","17","2","14","2","2"
"UPT SD NEGERI 064978","10209881","SD","Negeri","482","26","1","8","0","1"
"UPT SD NEGERI 065853","10220806","SD","Negeri","172","13","2","17","0","1"
"UPT SD NEGERI 066050","10209855","SD","Negeri","165","13","2","9","0","1"
"UPT SD NEGERI 066052","10209853","SD","Negeri","231","17","1","13","0","0"
"UPT SD NEGERI 066053","10209852","SD","Negeri","182","13","3","10","0","1"
"UPT SD NEGERI 066054","10209851","SD","Negeri","154","10","2","6","0","1"
"UPT SD NEGERI 066055","10209850","SD","Negeri","111","13","2","7","0","1"
"UPT SD NEGERI 066056","10209835","SD","Negeri","153","12","1","9","0","1"
"UPT SD NEGERI 066057","10210022","SD","Negeri","79","13","2","11","0","1"
"UPT SD NEGERI 066431","10210182","SD","Negeri","60","9","3","8","0","1"
"UPT SD NEGERI 066432","10210181","SD","Negeri","71","11","2","7","0","0"
"UPT SD NEGERI 066433","10210180","SD","Negeri","121","10","1","7","0","1"
"UPT SD NEGERI 066662","10210172","SD","Negeri","54","9","1","6","1","1"
"UPT SD NEGERI 066663","10210183","SD","Negeri","50","10","2","6","0","0"
"UPT SD NEGERI 066664","10210184","SD","Negeri","95","9","1","8","0","1"
"UPT SD NEGERI 066665","10210185","SD","Negeri","62","9","2","9","0","2"
"UPT SD NEGERI 066666","10210196","SD","Negeri","111","10","1","10","0","1"
"UPT SD NEGERI 066667","10210195","SD","Negeri","195","16","2","12","0","1"
"UPT SD NEGERI 067241","10210186","SD","Negeri","496","26","4","10","0","0"
"UPT SD NEGERI 067689","10210157","SD","Negeri","29","7","3","6","0","0"
"UPT SD NEGERI 067951","10210169","SD","Negeri","55","10","1","16","0","0"
"UPT SD NEGERI 067980","10210167","SD","Negeri","65","9","2","9","0","0"
"UPT SD NEGERI 068074","10210159","SD","Negeri","60","12","3","6","0","0"
"UPT SD NEGERI 068084","10210198","SD","Negeri","351","21","3","15","0","1"
"SD SWASTA ISLAM TERPADU HIKMATUL FADHILLAH","10259697","SD","Swasta","803","34","2","34","1","1"
"SD SWASTA PRESTIGE BILINGUAL SCHOOL","70000170","SD","Swasta","100","12","4","6","1","1"
"SD SWASTA SWASEMBADA","69981845","SD","Swasta","2","5","1","6","0","0"
"SD SWASTA THOMAS ALVA EDISON","69892724","SD","Swasta","496","15","2","18","1","1"
"SD SYARIF AR-RASYID ISLAMIC SCHOOL","69975576","SD","Swasta","69","10","3","6","1","1"
"SDS AL HIRA","10260023","SD","Swasta","118","11","2","9","1","1"
"SDS AL JAMAIYAH","10210353","SD","Swasta","479","24","1","14","2","1"
"SDS AL WASHLIYAH 11 AMPLAS","10210342","SD","Swasta","166","11","1","9","2","1"
"SDS AL WASHLIYAH 12","10210354","SD","Swasta","176","10","3","6","0","1"
"SDS AMALIA","10220811","SD","Swasta","255","15","1","12","1","1"
"SDS AZIDDIN","10259951","SD","Swasta","0","0","0","0","0","0"
"SDS BAPTIS INDEPENDEN","10210323","SD","Swasta","121","7","1","9","0","1"
"SDS BETANIA","10210324","SD","Swasta","196","12","2","12","1","2"
"SDS BUDDHIS BODHICITTA","10210670","SD","Swasta","685","29","3","37","2","1"
"SDS DHARMA SAKTI","10210329","SD","Swasta","0","0","0","0","0","0"
"SDS DUTA HARAPAN BUKIT SION","10261403","SD","Swasta","70","7","1","6","0","1"
"SDS GKPS","10210620","SD","Swasta","50","7","1","6","0","0"
"SDS HIDUP BARU","10262254","SD","Swasta","106","7","0","12","1","2"
"SDS HKBP PENDIDIKAN","10210635","SD","Swasta","72","7","1","6","2","1"
"SDS ISLAM ANNIZAM","10210315","SD","Swasta","441","32","1","24","4","3"
"SDS ISLAM DARUL MUSTAFA","69753188","SD","Swasta","281","12","1","12","0","1"
"SDS ISLAM KASIH BUNDA","10210602","SD","Swasta","81","6","1","6","1","1"
"SDS ISLAM SABILA AMANDA","10260780","SD","Swasta","274","10","3","13","2","1"
"SDS ISLAM TELADAN","10210669","SD","Swasta","108","9","0","8","0","1"
"SDS ISLAM TUNAS MEKAR","69951965","SD","Swasta","152","17","2","7","0","1"
"SDS IT AR-RAUDAH","60728987","SD","Swasta","231","15","4","11","1","2"
"SDS JENDERAL SUDIRMAN","10210668","SD","Swasta","349","15","1","12","3","1"
"SDS MUHAMMADIYAH 17","10210689","SD","Swasta","102","6","1","11","0","1"
"SDS MUHAMMADIYAH 19","10210695","SD","Swasta","101","6","1","6","1","1"
"SDS MUHAMMADIYAH 23","10210699","SD","Swasta","150","11","1","9","0","2"
"SDS MUHAMMADIYAH 36","10220803","SD","Swasta","665","33","4","24","1","1"
"SDS MUHAMMADIYAH-30","10210697","SD","Swasta","152","8","1","8","0","1"
"SDS PADAMU NEGERI","10210651","SD","Swasta","56","6","1","7","1","1"
"SDS PARULIAN 2","10210659","SD","Swasta","235","15","1","18","3","1"
"SDS PERGURUAN KEBANGSAAN","69816262","SD","Swasta","85","6","1","7","1","1"
"SDS RK.BUDI LUHUR","10210516","SD","Swasta","531","21","7","22","0","1"
"SDS RUSYDA","10260775","SD","Swasta","175","10","1","8","1","1"
"SDS ST ANTONIUS VI","10220705","SD","Swasta","419","18","4","15","1","1"
"SDS TAMAN HARAPAN","10210527","SD","Swasta","304","16","1","12","2","1"
"SDS TRI JAYA","10210522","SD","Swasta","85","8","2","7","2","1"
"SDS TUNAS HARAPAN","10210521","SD","Swasta","79","6","2","13","0","1"
"SDS ULUL ILMI","69816257","SD","Swasta","369","31","9","19","1","1"
"UPT SMP NEGERI 23 MEDAN","10210942","SMP","Negeri","982","63","9","30","2","1"
"SMP ADVENT 3 MEDAN","10210250","SMP","Swasta","47","3","1","3","1","1"
"SMP AMALIA","10220894","SMP","Swasta","206","12","1","9","1","1"
"SMP BETANIA","10210216","SMP","Swasta","61","4","1","4","2","1"
"SMP HIKMATUL FADHILLAH","10259698","SMP","Swasta","304","15","3","11","2","1"
"SMP IT INSAN CENDEKIA INDONESIA","70007988","SMP","Swasta","86","6","1","4","1","1"
"SMP JENDERAL SUDIRMAN","10210046","SMP","Swasta","154","7","2","6","4","1"
"SMP KATOLIK TRISAKTI 2","10210142","SMP","Swasta","226","15","8","11","2","1"
"SMP MUHAMMADIYAH 05","10257324","SMP","Swasta","134","8","1","6","1","2"
"SMP PADAMU NEGERI MEDAN","10258811","SMP","Swasta","118","7","1","6","2","1"
"SMP PARULIAN 2","10210101","SMP","Swasta","216","14","3","8","2","2"
"SMP PERGURUAN KEBANGSAAN","10259120","SMP","Swasta","111","5","1","6","5","1"
"SMP PLUS ULUL ILMI","70000260","SMP","Swasta","97","15","2","6","3","1"
"SMP SWASTA AN NIZAM","10260479","SMP","Swasta","232","20","2","10","3","1"
"SMP SWASTA DARMA SAKTI","10210064","SMP","Swasta","60","8","1","6","1","1"
"SMP SWASTA MUHAMMADIYAH 60","10210044","SMP","Swasta","178","9","1","7","3","1"
"SMP SWASTA THOMAS ALVA EDISON","69971897","SMP","Swasta","155","4","1","6","2","1"
"SMP SWT MUHAMMADIYAH 48","10210104","SMP","Swasta","121","2","0","8","2","1"
"SMP SWT PGRI 24","10211021","SMP","Swasta","35","3","1","7","1","1"
"SMP TRI JAYA","10257927","SMP","Swasta","98","10","2","8","2","1"
"SMPS BUDDHIS BODHICITTA","10220899","SMP","Swasta","452","22","3","15","3","1"
"SMAN 14 MEDAN","10210865","SMA","Negeri","976","70","6","28","4","1"
"SMAN 21 MEDAN","10210855","SMA","Negeri","870","51","7","24","3","1"
"SMA Swasta Thomas Alva Edison","70023502","SMA","Swasta","47","0","2","3","5","1"
"SMAS AN NIZAM","10210797","SMA","Swasta","157","8","1","6","3","1"
"SMAS BODHICITTA MEDAN","10210702","SMA","Swasta","462","17","1","14","6","1"
"SMAS DHARMA SAKTI","10210716","SMA","Swasta","59","2","1","5","1","1"
"SMAS EKKLESIA","10210708","SMA","Swasta","21","17","1","6","2","1"
"SMAS JENDERAL SUDIRMAN","10210756","SMA","Swasta","108","9","1","6","5","1"
"SMAS KATOLIK TRI SAKTI","10258023","SMA","Swasta","588","31","4","19","6","1"
"SMAS KEBANGSAAN","10210736","SMA","Swasta","98","5","2","5","3","1"
"SMAS PADAMU NEGERI MEDAN","10210893","SMA","Swasta","58","1","0","8","3","1"
"SMAS PARULIAN 2","10210927","SMA","Swasta","189","11","1","12","6","1"
"SMK PADAMU NEGERI MEDAN","10211273","SMK","Swasta","72","2","0","6","1","1"
"SMK SWASTA MANAJEMEN PENERBANGAN MEDAN","69900263","SMK","Swasta","39","11","1","13","5","1"
"SMKS IT MARINAH AL-HIDAYAH","69886449","SMK","Swasta","79","19","3","16","3","1"
"SMKS PARULIAN 2","10211263","SMK","Swasta","158","15","3","11","3","1"
"SMKS QUICKLY MEDAN","10210761","SMK","Swasta","33","6","1","3","2","1"
"PKBM AL HADI","P9998298","PKBM","Swasta","59","7","1","10","0","0"
"PKBM QUBA","P2963566","PKBM","Swasta","172","1","0","9","0","2"
"TK  SWASTA AMINAH HAMDI","69797331","TK","Swasta","60","4","2","3","0","0"
"TK AL FAJAR","10261715","TK","Swasta","89","6","1","4","0","0"
"TK BRIGJEND KATAMSO II MEDAN","69903534","TK","Swasta","71","3","0","6","0","0"
"TK DR WAHIDIN SUDIROHUSODO","10259369","TK","Swasta","281","19","4","10","0","1"
"TK ISLAM TERPADU GERANIO","70027942","TK","Swasta","65","7","2","5","0","0"
"TK IT AL ASHARI MARELAN","70037683","TK","Swasta","24","1","0","1","0","0"
"TK IT RAUDHATUS SAKINAH","10257887","TK","Swasta","14","1","2","9","0","1"
"TK NUR ASYAFA MECCA","70008213","TK","Swasta","21","3","1","3","0","0"
"TK NUR HIDAYAH BAITUL ATIQ","70004306","TK","Swasta","20","2","1","5","0","0"
"TK SEJAHTERA","10260218","TK","Swasta","30","3","2","2","0","0"
"TK SWASTA AISYIYAH BUSTANUL ATHFAL 37","69797351","TK","Swasta","13","2","1","1","0","1"
"TK SWASTA AN-NAJWA","69906681","TK","Swasta","31","3","1","3","0","0"
"TK SWASTA ANUGRAH HARAPAN BANGSA","69910496","TK","Swasta","75","5","1","5","0","0"
"TK SWASTA AR-RAHMAH ISLAMIC SCHOOL","69974271","TK","Swasta","50","3","2","3","0","0"
"TK SWASTA ASTI SCHOOL","69908927","TK","Swasta","15","2","1","3","0","1"
"TK SWASTA CHAIRUL HAFIZ","69914825","TK","Swasta","43","3","2","2","0","0"
"TK SWASTA ISLAM BINA TARUNA","69985235","TK","Swasta","17","1","0","1","0","1"
"TK SWASTA IT AISYAH MAKSUM","69978126","TK","Swasta","32","7","1","2","0","0"
"TK SWASTA LAUHIL MAHFUZ","10259397","TK","Swasta","33","2","1","2","0","0"
"TK SWASTA MARELAN INGER & PRESTON (MIP) KIDS SCHOOL","69967535","TK","Swasta","2","1","1","2","0","0"
"TK SWASTA MELATI","69910018","TK","Swasta","36","3","1","3","0","0"
"TK SWASTA PLUS ULUL ILMI ISLAMIC SCHOOL","69966294","TK","Swasta","34","7","2","3","1","1"
"TK SWASTA STEFFIE EDUCATION","69925938","TK","Swasta","14","1","1","2","0","0"
"TK SWASTA SYAMSARINAH TIMUR MEDAN","69980995","TK","Swasta","25","2","1","2","0","1"
"AL-BAROKAH","69796474","KB","Swasta","20","4","1","2","0","1"
"AZHURA","69796494","KB","Swasta","106","6","1","4","0","0"
"DARUL FATHONAH","69796469","KB","Swasta","38","3","1","3","0","0"
"KB AL FAZZA","70041076","KB","Swasta","39","2","1","2","0","0"
"KB AMANAH KAHMI SUMATERA UTARA","69961247","KB","Swasta","97","4","1","5","0","0"
"NUR DHUHA","69796516","KB","Swasta","39","3","1","11","0","1"
"PAUD ALIFAH","69913923","KB","Swasta","40","1","1","2","0","0"
"PAUD ANAK INDONESIA CEMERLANG","69953991","KB","Swasta","4","2","1","2","0","0"
"PAUD ANANDA PERTIWI","69927096","KB","Swasta","30","3","2","2","0","1"
"PAUD BOBI ANUGRAH","69915635","KB","Swasta","76","3","2","4","0","0"
"PAUD DARUL MADANI","69939527","KB","Swasta","44","4","1","2","0","0"
"PAUD HARAPAN MULIA","69928435","KB","Swasta","25","2","0","2","0","0"
"PAUD HARUM MELATI","69902658","KB","Swasta","37","4","1","2","0","0"
"PAUD JIHAN ULFANI","69916101","KB","Swasta","22","3","1","5","0","0"
"PAUD KHALID NABILA","69858883","KB","Swasta","62","4","1","4","0","0"
"PAUD MARWAH","69926723","KB","Swasta","14","3","1","2","0","0"
"PAUD SALSABILA","69914012","KB","Swasta","21","5","1","4","0","0"
"PAUD SYAQIRA","69796470","KB","Swasta","13","4","1","2","0","0"
"PAUD WALIDAYNA","69914079","KB","Swasta","33","5","1","2","0","0"
"PAUD ZAKHIRA","69908381","KB","Swasta","95","8","1","2","0","0"
"NURUL UMMI","69796467","SPS","Swasta","72","4","1","3","0","0"
"UPT SD NEGERI 060954","10209830","SD","Negeri","500","30","3","12","0","1"
"UPT SD NEGERI 060955","10209829","SD","Negeri","274","15","3","9","0","1"
"UPT SD NEGERI 064006","10209783","SD","Negeri","327","19","4","6","0","1"
"UPT SD NEGERI 064007","10220830","SD","Negeri","364","19","4","15","0","1"
"UPT SD NEGERI 064009","10209793","SD","Negeri","387","21","4","9","0","1"
"UPT SD NEGERI 064994","10209845","SD","Negeri","269","15","3","12","0","1"
"UPT SD NEGERI 064996","10209844","SD","Negeri","466","19","2","8","0","1"
"UPT SD NEGERI 064998","10220831","SD","Negeri","395","18","5","7","0","1"
"UPT SD NEGERI 064999","10220832","SD","Negeri","350","16","3","13","1","1"
"UPT SD NEGERI 065000","10220833","SD","Negeri","343","14","2","7","0","1"
"UPT SD NEGERI 065004","10220834","SD","Negeri","488","26","5","7","1","1"
"UPT SD NEGERI 066039","10220835","SD","Negeri","202","10","2","8","0","1"
"UPT SD NEGERI 066040","10220836","SD","Negeri","365","21","2","12","0","1"
"UPT SD NEGERI 066429","10220852","SD","Negeri","461","22","2","6","0","2"
"UPT SD NEGERI 066430","10220837","SD","Negeri","325","18","4","14","0","1"
"UPT SD NEGERI 066435","10257431","SD","Negeri","452","20","3","6","0","1"
"UPT SD NEGERI 066658","10220839","SD","Negeri","447","27","4","8","1","1"
"UPT SD NEGERI 066659","10220840","SD","Negeri","244","13","3","6","0","1"
"UPT SD NEGERI 067248","10220841","SD","Negeri","391","17","3","6","0","1"
"UPT SD NEGERI 067249","10220843","SD","Negeri","445","24","3","7","0","1"
"UPT SD NEGERI 067256","10220844","SD","Negeri","500","21","2","7","0","1"
"UPT SD NEGERI 067260","10220845","SD","Negeri","250","16","2","6","0","1"
"UPT SD NEGERI 067261","10220846","SD","Negeri","334","18","3","6","0","1"
"UPT SD NEGERI 067262","10220847","SD","Negeri","286","16","3","6","0","1"
"UPT SD NEGERI 067263","10220848","SD","Negeri","227","10","3","6","1","1"
"UPT SD NEGERI 067264","10220849","SD","Negeri","447","19","3","8","0","1"
"UPT SD NEGERI 067773","10220850","SD","Negeri","179","9","2","6","0","0"
"UPT SD NEGERI 067777","10220851","SD","Negeri","185","12","3","9","0","1"
"SD IT AL ASHARI MARELAN","70037682","SD","Swasta","36","3","1","2","0","0"
"SD IT INSAN AZKIA","70042978","SD","Swasta","0","0","0","0","0","0"
"SD SWASTA ISLAM AZHARI","69944645","SD","Swasta","390","15","2","10","1","1"
"SD SWASTA ISLAM TERPADU AD-DURRAH","69985355","SD","Swasta","624","24","2","24","2","1"
"SD SWASTA IT AISYAH MAKSUM","69986878","SD","Swasta","287","16","1","8","1","1"
"SD SWASTA IT PUTRI ALIIFAH","69944644","SD","Swasta","125","8","2","6","3","1"
"SDS AL WASHLIYAH 25","10220809","SD","Swasta","280","12","1","12","0","1"
"SDS AL-FAJAR","10261615","SD","Swasta","400","13","1","10","0","1"
"SDS AL-IRSYAD","10261863","SD","Swasta","129","10","3","5","0","1"
"SDS AN NAJWA","10259148","SD","Swasta","119","7","4","6","1","1"
"SDS ANUGERAH HARAPAN BANGSA","10220817","SD","Swasta","468","20","2","19","2","1"
"SDS AR RIDHA","10259398","SD","Swasta","363","10","1","6","0","1"
"SDS BINA TARUNA 3","10220813","SD","Swasta","170","9","1","6","1","2"
"SDS BINA TARUNA I","10220812","SD","Swasta","255","9","1","11","0","1"
"SDS BRIGJEND KATAMSO II","60728988","SD","Swasta","315","16","2","13","2","1"
"SDS BUDI AGUNG","10220814","SD","Swasta","197","11","2","8","1","1"
"SDS HARAPAN MULIA","10220818","SD","Swasta","260","9","1","7","0","1"
"SDS ISLAM AL-HUDA","10220810","SD","Swasta","545","17","1","13","1","1"
"SDS ISLAM HARAPAN BANGSA","10220819","SD","Swasta","329","11","1","8","0","0"
"SDS ISLAM PERMATA AMANDA","69947324","SD","Swasta","134","8","6","6","0","1"
"SDS ISLAM SALSABILA","10220825","SD","Swasta","330","13","1","7","0","1"
"SDS IT AL MUNADI","69919685","SD","Swasta","626","36","4","24","2","1"
"SDS IT RAUDHATUS SAKINAH","10260528","SD","Swasta","66","12","2","9","1","1"
"SDS MANDIRI","10220820","SD","Swasta","363","14","3","7","1","1"
"SDS MELATI","10220821","SD","Swasta","120","11","1","11","1","1"
"SDS NUR FADHILAH","10220822","SD","Swasta","844","23","1","24","1","1"
"SDS PLUS MIP MARELAN","10259681","SD","Swasta","29","8","2","7","1","1"
"SDS SEJAHTERA","10262187","SD","Swasta","105","8","1","6","2","1"
"SDS STEFFIE EDUCATION","10220826","SD","Swasta","40","6","1","6","1","0"
"SDS TRI BAKTI 1","10220827","SD","Swasta","161","11","1","8","0","0"
"SDS TRI BAKTI 2","10220828","SD","Swasta","143","11","2","10","0","1"
"SDS YASPENHAN I","10220829","SD","Swasta","267","11","2","5","0","1"
"UPT SMP NEGERI 20 MEDAN","10210956","SMP","Negeri","929","47","5","31","3","1"
"UPT SMP NEGERI 32 MEDAN","10210952","SMP","Negeri","661","36","5","21","1","1"
"UPT SMP NEGERI 38 MEDAN","10210988","SMP","Negeri","1013","58","3","25","3","1"
"UPT SMP NEGERI 39 MEDAN","10210989","SMP","Negeri","654","37","2","21","2","1"
"SMP AL HIKMAH MEDAN","10210227","SMP","Swasta","947","28","3","19","2","1"
"SMP AN NAJWA","10260941","SMP","Swasta","128","3","1","4","2","0"
"SMP BINA SATRIA","10210199","SMP","Swasta","370","16","3","14","2","1"
"SMP BRIGJEND KATAMSO II","60728994","SMP","Swasta","375","8","2","14","3","1"
"SMP BUDI AGUNG","10210061","SMP","Swasta","314","16","2","15","2","1"
"SMP HARAPAN MEKAR MEDAN","10210030","SMP","Swasta","143","10","1","12","1","1"
"SMP ISLAM PLUS AL FATIH","70038961","SMP","Swasta","159","7","0","5","1","1"
"SMP MELATI","10210139","SMP","Swasta","7","1","1","4","1","2"
"SMP NURFADHILAH","10261763","SMP","Swasta","99","5","1","3","2","1"
"SMP SETYA NUSANTARA MEDAN","69970293","SMP","Swasta","0","0","0","0","0","0"
"SMP SWASTA AL-HIKMAH-2","69980340","SMP","Swasta","446","7","1","6","0","1"
"SMP SWASTA ANUGERAH HARAPAN BANGSA","10258057","SMP","Swasta","188","11","3","6","2","1"
"SMP SWASTA BINA TARUNA","10210143","SMP","Swasta","244","8","1","7","2","1"
"SMP SWASTA IT AD DURRAH","69969823","SMP","Swasta","455","33","3","16","2","1"
"SMP SWASTA IT AL MUNADI","69970292","SMP","Swasta","392","33","3","17","2","1"
"SMP SWASTA IT IBNU KHALDUN","70010403","SMP","Swasta","60","8","2","3","0","1"
"SMP SWASTA PGRI 3 MEDAN","10257551","SMP","Swasta","649","18","4","22","1","1"
"SMP SWASTA PLUS SAMUDERA INDONESIA","70036498","SMP","Swasta","57","4","1","2","0","0"
"SMP SWASTA SEJAHTERA","70006372","SMP","Swasta","11","0","0","3","0","0"
"SMP YASPENHAN-1 MEDAN","10211039","SMP","Swasta","73","8","2","3","1","0"
"SMPS AL WASHLIYAH 26","10210209","SMP","Swasta","340","8","1","10","1","0"
"SMAN 16 MEDAN","10210863","SMA","Negeri","1048","55","6","30","4","1"
"SMA PLUS SEDAYU NUSANTARA","69984148","SMA","Swasta","629","32","9","18","5","2"
"SMA SWASTA AL HIKMAH","69943068","SMA","Swasta","538","13","2","13","3","1"
"SMA SWASTA BUDI AGUNG","10210718","SMA","Swasta","748","46","3","25","3","1"
"SMA Swasta Islam Plus Al Fatih","70039260","SMA","Swasta","149","1","1","7","1","0"
"SMAS ANUGRAH HARAPAN BANGSA","10258535","SMA","Swasta","136","12","2","7","5","1"
"SMAS BINA TARUNA","10257604","SMA","Swasta","112","6","1","4","4","2"
"SMAS BRIGJEND KATAMSO II","60728995","SMA","Swasta","804","16","3","27","3","1"
"SMAS HARAPAN MEKAR","10210871","SMA","Swasta","159","10","2","7","3","1"
"SMAS INDONESIA MEMBANGUN TARUNA MARELAN","69733775","SMA","Swasta","157","7","0","6","6","1"
"SMAS PGRI 12 MEDAN","10210934","SMA","Swasta","234","4","2","6","2","1"
"SMK TI SWASTA BUDI AGUNG","10211209","SMK","Swasta","994","34","2","31","2","1"
"SMKS BINA SATRIA","10211071","SMK","Swasta","1170","42","7","31","1","1"
"SMKS BINA TARUNA 1","10211072","SMK","Swasta","396","10","0","11","2","1"
"SMKS BINA TARUNA 2","10211249","SMK","Swasta","286","14","1","9","2","1"
"SMKS BRIGJEND KATAMSO II","60728993","SMK","Swasta","420","8","2","15","2","1"
"SMKS BUDI AGUNG","10211253","SMK","Swasta","553","31","2","18","1","0"
"SMKS HARAPAN MEKAR 1","10211208","SMK","Swasta","421","22","2","21","1","0"
"SMKS HARAPAN MEKAR 2","10211221","SMK","Swasta","170","15","1","12","2","1"
"SMKS INDONESIA MEMBANGUN TARUNA MARELAN","69728767","SMK","Swasta","512","15","2","18","1","1"
"SMKS SAMUDERA INDONESIA","10211096","SMK","Swasta","202","25","4","13","10","1"
"SMKS SETYA NUSANTARA MEDAN","69949521","SMK","Swasta","2","5","0","4","3","1"
"PKBM AZHARI","P2963595","PKBM","Swasta","299","1","1","4","0","0"
"PKBM KUMALA","P2963580","PKBM","Swasta","265","5","1","10","0","1"
"PKBM NURUL UMMI","P2963593","PKBM","Swasta","222","3","1","6","0","0"
"PKBM WALIDAYNA","P2963578","PKBM","Swasta","224","2","1","3","0","0"
"PAUD SEMANGAT BANGSA","69910493","TK","Swasta","26","5","1","3","1","1"
"TK ASRI KINDERGARTEN","10259246","TK","Swasta","15","2","1","2","0","0"
"TK DEWANTARA","10259315","TK","Swasta","25","3","3","6","1","0"
"TK GALLERY","10259439","TK","Swasta","50","2","2","3","0","0"
"TK HARAPAN BARU","69797314","TK","Swasta","41","2","1","3","0","0"
"TK HARAPAN MANDIRI","10259413","TK","Swasta","66","5","2","4","0","1"
"TK ISLAM SAHARA","10259303","TK","Swasta","50","4","3","3","0","0"
"TK IVANA SCHOOL","70000867","TK","Swasta","11","2","1","2","0","0"
"TK METHODIST 11","10259144","TK","Swasta","78","5","2","3","0","1"
"TK NURUL AZIZI","10259260","TK","Swasta","149","19","2","8","0","1"
"TK SRIWIJAYA","10259422","TK","Swasta","23","3","0","2","0","0"
"TK ST IGNATIUS","10259726","TK","Swasta","94","6","2","6","0","1"
"TK SWASTA AL-FURQANUL HAKIM MEDAN","69974701","TK","Swasta","13","2","2","2","0","0"
"TK SWASTA FEBY ADELIA","10259043","TK","Swasta","44","3","1","3","0","0"
"TK SWASTA GLORIA","69753915","TK","Swasta","18","2","1","2","0","0"
"TK SWASTA GRACIA","69903603","TK","Swasta","115","7","2","5","0","0"
"TK SWASTA HARAPAN ISLAMIYAH","69936140","TK","Swasta","21","2","0","3","0","0"
"TK SWASTA ISLAM KHAIRUL IMAM","69797325","TK","Swasta","60","5","1","4","0","0"
"TK SWASTA KARTIKA 1-20","10259328","TK","Swasta","41","2","1","1","0","0"
"TK SWASTA KARTINI","69979203","TK","Swasta","31","3","2","4","0","0"
"TK SWASTA KARUNIA","10259682","TK","Swasta","26","2","2","5","0","1"
"TK SWASTA KHALIFAH MEDAN 2","69939638","TK","Swasta","34","5","1","6","0","1"
"TK SWASTA KID R US SCHOOL","69977366","TK","Swasta","14","4","2","3","0","0"
"TK SWASTA TADIKA PURI","69908044","TK","Swasta","15","3","1","3","0","1"
"TK SWASTA TUNAS MEKAR","10259419","TK","Swasta","25","2","1","4","0","0"
"TK SWASTA YP KARYA ANUGERAH (WINFIELD TITI KUNING)","69988867","TK","Swasta","35","4","3","2","0","1"
"TK WR SUPRATMAN 2","10258818","TK","Swasta","147","10","2","5","0","1"
"TKS MODEL AL AZHAR","69753919","TK","Swasta","60","9","3","7","0","0"
"KB ABATA","69987150","KB","Swasta","49","4","1","2","0","0"
"KB AL IHMY","69981139","KB","Swasta","31","2","1","3","0","0"
"PAUD AISYAH AZ ZAHRA","69916791","KB","Swasta","59","2","2","4","0","0"
"PAUD ASOKA","69929628","KB","Swasta","20","1","1","2","0","0"
"PAUD DAHARNAS LESTARI","69939492","KB","Swasta","52","6","2","3","0","0"
"PAUD KHAIRUL UMMAH","70004301","KB","Swasta","52","4","2","2","0","0"
"PAUD KUNTUM MEKAR","69939379","KB","Swasta","24","5","1","2","0","0"
"PAUD MASYHUR","69858847","KB","Swasta","39","4","1","2","0","1"
"PAUD PUTRI INDAH EL SHADAI","69912576","KB","Swasta","21","4","1","2","0","0"
"TUNAS KUALA","69797343","KB","Swasta","31","3","1","3","0","0"
"PAUD JOU S FAUSTIN","69908208","SPS","Swasta","39","5","2","2","0","1"
"UPT SD NEGERI 060900","10210496","SD","Negeri","179","11","2","13","0","1"
"UPT SD NEGERI 060927","10210495","SD","Negeri","341","20","1","6","0","1"
"UPT SD NEGERI 060928","10210492","SD","Negeri","302","18","1","5","0","0"
"UPT SD NEGERI 060929","10210494","SD","Negeri","401","24","4","8","0","1"
"UPT SD NEGERI 060930","10210493","SD","Negeri","250","17","1","6","0","1"
"UPT SD NEGERI 060933","10210504","SD","Negeri","127","12","3","6","0","0"
"UPT SD NEGERI 060934","10210503","SD","Negeri","218","18","2","12","0","0"
"UPT SD NEGERI 060935","10210502","SD","Negeri","126","10","2","6","1","1"
"UPT SD NEGERI 060936","10210501","SD","Negeri","91","12","2","6","0","1"
"UPT SD NEGERI 060937","10209817","SD","Negeri","216","16","3","6","0","0"
"UPT SD NEGERI 060938","10210479","SD","Negeri","225","18","4","7","0","1"
"UPT SD NEGERI 064032","10209942","SD","Negeri","152","14","3","9","0","1"
"UPT SD NEGERI 064033","10209795","SD","Negeri","132","10","3","6","0","1"
"UPT SD NEGERI 064034","10209806","SD","Negeri","464","26","1","11","0","1"
"UPT SD NEGERI 064988","10209938","SD","Negeri","276","18","3","7","0","1"
"UPT SD NEGERI 064990","10210533","SD","Negeri","460","25","2","9","1","1"
"UPT SD NEGERI 066668","10209937","SD","Negeri","483","26","1","21","0","0"
"UPT SD NEGERI 067259","10209936","SD","Negeri","315","16","3","6","1","0"
"UPT SD NEGERI 067690","10209935","SD","Negeri","388","17","3","6","0","1"
"UPT SD NEGERI 067774","10209934","SD","Negeri","412","27","1","7","0","1"
"UPT SD NEGERI 067775","10209919","SD","Negeri","546","24","2","9","0","1"
"UPT SD NEGERI 067776","10259150","SD","Negeri","209","14","3","6","9","1"
"UPT SD NEGERI 067952","10209903","SD","Negeri","512","25","2","9","0","1"
"SD SWASTA ALAM ISLAM TERPADU (SDA-IT)","70002178","SD","Swasta","30","5","1","6","0","0"
"SD SWASTA ISLAM TERPADU AL-MANAR","69979149","SD","Swasta","372","21","5","16","1","0"
"SD SWASTA ISLAM ULUN NUHA MEDAN","69979858","SD","Swasta","345","22","6","14","0","1"
"SD SWASTA PUTRI INDAH EL SHADAI","69986207","SD","Swasta","79","6","2","6","0","1"
"SD SWASTA SEMANGAT BANGSA","69959170","SD","Swasta","93","7","1","6","1","1"
"SDS ABDI SUKMA","10257929","SD","Swasta","136","10","2","6","0","1"
"SDS AL AZHAR 1","10258053","SD","Swasta","227","24","3","1","0","0"
"SDS AL FITHRIAH","10259085","SD","Swasta","363","17","6","17","2","1"
"SDS AL WASHLIYAH 4 RT. 1","10259094","SD","Swasta","110","7","1","6","0","1"
"SDS AL WASHLIYAH 5","10258373","SD","Swasta","103","6","1","4","0","0"
"SDS ALIF INAYAH","10261153","SD","Swasta","420","17","1","16","0","1"
"SDS AS-SYAFIIYAH","10261623","SD","Swasta","79","8","1","21","2","1"
"SDS ASRI SCHOOL","10260396","SD","Swasta","62","7","0","6","2","3"
"SDS DARMA","10257867","SD","Swasta","368","27","2","24","1","1"
"SDS HARAPAN BARU","10257957","SD","Swasta","319","17","1","16","1","1"
"SDS HARAPAN MANDIRI","10258052","SD","Swasta","259","15","3","12","2","1"
"SDS ISLAM ASH SHOLIHAH","10261206","SD","Swasta","548","17","1","18","1","1"
"SDS IT KHAIRUL IMAM","10262413","SD","Swasta","338","24","3","24","3","1"
"SDS IT NURUL AZIZI","10258460","SD","Swasta","400","19","1","14","3","1"
"SDS METHODIST 11","10259090","SD","Swasta","377","15","2","15","3","1"
"SDS MODEL AL AZHAR","10260363","SD","Swasta","398","30","3","21","4","1"
"SDS NURUL HUDA","10210655","SD","Swasta","657","30","2","25","1","1"
"SDS PRIMBANA","10258040","SD","Swasta","127","13","6","6","1","1"
"SDS SRIWIJAYA","10210511","SD","Swasta","158","9","2","9","2","1"
"SDS ST IGNATIUS","10259087","SD","Swasta","660","30","7","24","1","1"
"SDS ST PETRUS","10259093","SD","Swasta","593","25","6","19","1","1"
"SDS WR SUPRATMAN 2","10258746","SD","Swasta","763","25","2","25","1","1"
"SDS YAPERI","10258051","SD","Swasta","109","10","2","6","1","1"
"SDS YAPSI","10259095","SD","Swasta","342","19","1","11","0","0"
"UPT SMP NEGERI 22 MEDAN","10210954","SMP","Negeri","753","47","8","24","1","1"
"UPT SMP NEGERI 28 MEDAN","10210947","SMP","Negeri","747","44","11","24","3","2"
"SMP ABDI SUKMA MEDAN","10257312","SMP","Swasta","28","3","1","3","1","1"
"SMP BUDI INSANI","10259309","SMP","Swasta","16","5","1","3","4","1"
"SMP ERA IBANG","10210068","SMP","Swasta","70","6","3","4","1","2"
"SMP ISLAM AL-FADHLI","69968382","SMP","Swasta","153","15","1","6","1","1"
"SMP ISLAM TERPADU KHAIRUL IMAM","10262308","SMP","Swasta","148","11","4","8","3","1"
"SMP ST IGNASIUS MEDAN","10260625","SMP","Swasta","322","17","4","12","1","1"
"SMP SWASTA AL MANAR","69924576","SMP","Swasta","264","14","1","10","4","1"
"SMP SWASTA AL RAZI SINAR HARAPAN","69954870","SMP","Swasta","308","17","4","12","2","1"
"SMP SWASTA AS-SYAFIIYAH","10261723","SMP","Swasta","13","3","1","23","3","1"
"SMP SWASTA ASGA MANDIRI","69986814","SMP","Swasta","40","9","0","3","2","1"
"SMP SWASTA ISLAM ULUN NUHA","10261154","SMP","Swasta","362","19","5","12","1","1"
"SMP SWASTA IT NURUL AZIZI","10259946","SMP","Swasta","163","7","1","6","3","0"
"SMP SWASTA METHODIST-11","10260766","SMP","Swasta","143","9","1","3","3","1"
"SMP SWASTA PEMBANGUN","10210096","SMP","Swasta","175","5","2","12","2","1"
"SMP SWASTA PRIMBANA","10239057","SMP","Swasta","176","12","5","9","4","1"
"SMP SWASTA SANTO PETRUS MEDAN","10211010","SMP","Swasta","381","18","5","13","2","1"
"SMP SWASTA SRIWIJAYA","10211009","SMP","Swasta","124","12","1","9","6","1"
"SMP SWT AL AZHAR","10220884","SMP","Swasta","432","46","5","22","3","1"
"SMP SWT BINA BERSAUDARA","10210215","SMP","Swasta","221","16","1","9","2","1"
"SMP SWT DARMA","10257603","SMP","Swasta","198","10","1","8","2","1"
"SMP SWT DHARMA BAKTI","10210052","SMP","Swasta","11","3","1","6","5","1"
"SMP SWT HARAPAN BARU","10257552","SMP","Swasta","105","6","2","6","2","1"
"SMP SWT HARAPAN MANDIRI","10257844","SMP","Swasta","218","12","2","9","3","1"
"SMP WR SUPRATMAN 2","10211035","SMP","Swasta","474","23","2","17","7","1"
"SMAN 13 MEDAN","10210877","SMA","Negeri","1268","91","21","36","5","1"
"SMA Swasta Plus Taruna Akterlis Medan","70005982","SMA","Swasta","342","12","4","10","5","1"
"SMAS AL AZHAR","10259130","SMA","Swasta","533","41","1","25","6","1"
"SMAS AL AZHAR PLUS","10210936","SMA","Swasta","240","29","2","20","6","1"
"SMAS AL MANAR","10261031","SMA","Swasta","221","13","4","9","6","1"
"SMAS BINA BERSAUDARA","10210802","SMA","Swasta","242","15","1","8","3","1"
"SMAS BUDI INSANI","10210919","SMA","Swasta","15","3","1","3","3","1"
"SMAS DHARMA BAKTI MEDAN","10210834","SMA","Swasta","24","5","1","6","6","1"
"SMAS HARAPAN BARU","10260219","SMA","Swasta","92","7","1","3","2","1"
"SMAS HARAPAN MANDIRI","10210747","SMA","Swasta","705","31","2","18","7","1"
"SMAS ISLAM KHAIRUL IMAM","10262430","SMA","Swasta","82","6","2","5","5","1"
"SMAS ISLAM ULUN NUHA","69758996","SMA","Swasta","335","20","6","11","5","1"
"SMAS PRIMBANA","10258047","SMA","Swasta","354","20","4","12","6","1"
"SMAS SRIWIJAYA MEDAN","10210838","SMA","Swasta","127","5","2","6","6","1"
"SMAS ST PETRUS MEDAN","10210840","SMA","Swasta","322","15","5","9","4","1"
"SMAS ST. IGNASIUS MEDAN","69754111","SMA","Swasta","237","17","3","9","6","1"
"SMAS WR SUPRATMAN 2","10210832","SMA","Swasta","574","24","3","15","5","1"
"SMKS AL RAZI SINAR HARAPAN","69925844","SMK","Swasta","112","14","2","6","4","1"
"SMKS ASGA MANDIRI","69926076","SMK","Swasta","46","7","1","8","1","1"
"SMKS BINA BERSAUDARA 1 MEDAN","10211247","SMK","Swasta","123","7","1","7","1","1"
"SMKS BINA BERSAUDARA 2 MEDAN","10211068","SMK","Swasta","117","11","1","7","4","2"
"SMKS BUDI INSANI","10211086","SMK","Swasta","13","7","1","6","1","1"
"SMKS DHARMA BAKTI 1","10211256","SMK","Swasta","11","5","2","8","1","1"
"SMKS DHARMA BAKTI 2 TI MEDAN","10220934","SMK","Swasta","35","7","2","14","2","1"
"SMKS HARAPAN BARU","10259611","SMK","Swasta","81","3","2","6","0","1"
"SMKS HARAPAN MANDIRI","69728768","SMK","Swasta","30","6","2","11","4","1"
"SMKS SENTRA MEDIKA","10261754","SMK","Swasta","1","7","4","9","3","1"
"PKBM ANAK SUMATERA","P2963572","PKBM","Swasta","118","0","3","6","1","1"
"PKBM HANUBA","P2963579","PKBM","Swasta","243","12","1","3","1","1"
"PKBM PAKPAK MANDIRI","P2963571","PKBM","Swasta","235","10","1","5","0","0"
"PKBM ROASRO","P9954162","PKBM","Swasta","108","6","1","4","0","1"
"SLB-A KARYA MURNI","10259865","SLB","Swasta","28","8","2","10","1","2"
"SLB-E AL AZHAR MEDAN","10259483","SLB","Swasta","36","4","1","7","0","1"
"TK NEGERI PEMBINA 2","10259501","TK","Negeri","147","8","2","5","0","0"
"GENERASI BANGSA","69796476","TK","Swasta","59","3","1","3","0","1"
"PAUD EKA PURNAMA","69908144","TK","Swasta","17","2","1","2","0","0"
"TK AL-RANY","10259963","TK","Swasta","45","3","1","3","0","0"
"TK AR RAUDHAH","69915634","TK","Swasta","16","2","1","2","0","0"
"TK BABUSSALAM","69797416","TK","Swasta","38","3","1","3","0","0"
"TK BINA ASIH","69944599","TK","Swasta","39","4","1","3","0","0"
"TK GENERASI JENIUS BANGSA","70013444","TK","Swasta","6","2","2","3","0","0"
"TK GENPITA CERIA","69990028","TK","Swasta","65","2","1","4","0","1"
"TK HARVARD","10260229","TK","Swasta","8","1","1","2","0","0"
"TK KRISTEN SUNGAI KEHIDUPAN","10261054","TK","Swasta","55","3","1","8","0","0"
"TK KURNIA NUSANTARA","10259410","TK","Swasta","15","2","0","3","0","1"
"TK RIZKY ANNIDA","10262266","TK","Swasta","23","2","1","3","0","0"
"TK SALSABILA RANI","69956688","TK","Swasta","40","1","1","2","0","0"
"TK SANTO MICHAEL","69797319","TK","Swasta","33","3","1","3","0","0"
"TK SANTO PAULUS","10259955","TK","Swasta","60","3","4","2","0","0"
"TK SWASTA AL-ABRAR","70009344","TK","Swasta","38","5","1","3","0","0"
"TK SWASTA AMALIA PRIMA","69979869","TK","Swasta","36","3","1","3","0","0"
"TK SWASTA AMANDA","69946207","TK","Swasta","46","5","0","3","0","0"
"TK SWASTA EUNIKE BIDAWANI","69976742","TK","Swasta","19","0","1","2","0","0"
"TK SWASTA HARAPAN IBU","69952958","TK","Swasta","12","2","1","2","0","0"
"TK SWASTA ISA KIDS SCHOOL","69978459","TK","Swasta","14","2","1","2","0","0"
"TK SWASTA ISLAM PERMATA","69902784","TK","Swasta","0","0","0","0","0","0"
"TK SWASTA ISLAM TERPADU AL KHALISH","69964978","TK","Swasta","26","2","2","3","0","0"
"TK SWASTA PUSAT KUNCI PENDIDIKAN","69974467","TK","Swasta","12","2","2","2","0","0"
"TK SWASTA TABYTHA","69962284","TK","Swasta","59","3","1","4","0","1"
"TK SWASTA TERAMPIL","69908125","TK","Swasta","13","2","2","2","0","0"
"HARAPAN BANGSA","69858880","KB","Swasta","31","3","0","2","0","0"
"KB AGAVE EFRATA","70001361","KB","Swasta","25","4","1","2","0","0"
"KB CEMPAKA","69858874","KB","Swasta","20","5","1","1","0","0"
"KB CITRA KASIH","69984263","KB","Swasta","24","3","2","2","0","0"
"KB JOY KIDS","69992571","KB","Swasta","47","5","1","2","0","0"
"KB KASIH ALFATHUNNISSA","70011708","KB","Swasta","42","5","1","2","0","0"
"MELATI HARUM","69796527","KB","Swasta","36","4","2","1","0","0"
"PAUD AFIFAH ZEIN","69796528","KB","Swasta","52","5","1","4","0","1"
"Paud Al - Dara","69906174","KB","Swasta","29","5","1","2","0","0"
"PAUD AMANAH","69928372","KB","Swasta","69","3","2","2","0","0"
"PAUD AN NAZURAH","69954157","KB","Swasta","15","2","0","2","0","0"
"PAUD AZ-ZAHRA SMART","69900969","KB","Swasta","49","6","3","3","0","0"
"PAUD BUNGA CEMPAKA","69913742","KB","Swasta","15","1","2","1","0","0"
"PAUD GIOVANI CEMERLANG","69936000","KB","Swasta","19","2","1","2","0","0"
"PAUD KASIH ELSHADAI CERIA","69913926","KB","Swasta","21","4","1","2","0","0"
"PAUD LPMN","69905945","KB","Swasta","42","5","1","3","0","0"
"PAUD MANDIRI","69858881","KB","Swasta","45","3","2","2","0","0"
"PAUD NURSYARIFAH","69796547","KB","Swasta","0","0","0","0","0","0"
"PAUD NURUL ILMI AKMAL","69912578","KB","Swasta","44","3","2","2","0","0"
"PAUD NUSA INDAH","69928788","KB","Swasta","23","4","1","1","0","0"
"PAUD PUTERA DELI","69908214","KB","Swasta","45","0","1","2","0","0"
"PAUD RIANDA","69796510","KB","Swasta","27","2","4","3","0","0"
"PAUD RUHAMA","69938335","KB","Swasta","37","5","2","3","0","0"
"PAUD SERASI","69907095","KB","Swasta","50","3","2","3","0","0"
"PAUD TERATAI DELI","69904198","KB","Swasta","23","3","1","2","0","0"
"PAUD TRI ADINDA","69910028","KB","Swasta","29","2","2","2","0","0"
"PAUD TRI ANANDA DIN","69858879","KB","Swasta","47","6","1","3","0","0"
"PAUD YAPNI","69940125","KB","Swasta","29","3","2","2","0","0"
"SARI SEJAHTERA","69796486","KB","Swasta","50","4","1","2","0","0"
"YP.BUNDA AISYAH","69796530","KB","Swasta","21","4","1","3","0","2"
"KASIH ANANDA","69796544","SPS","Swasta","23","3","3","2","0","0"
"UPT SD NEGERI 060799","10209911","SD","Negeri","159","11","2","12","0","1"
"UPT SD NEGERI 060948","10209808","SD","Negeri","319","19","3","11","1","1"
"UPT SD NEGERI 060949","10209819","SD","Negeri","400","24","4","7","0","1"
"UPT SD NEGERI 060950","10209820","SD","Negeri","508","29","3","9","0","1"
"UPT SD NEGERI 060951","10209821","SD","Negeri","132","10","2","6","0","0"
"UPT SD NEGERI 060952","10209832","SD","Negeri","201","15","1","11","1","1"
"UPT SD NEGERI 060953","10209831","SD","Negeri","225","15","3","7","1","1"
"UPT SD NEGERI 060956","10257969","SD","Negeri","359","16","2","9","0","1"
"UPT SD NEGERI 064005","10209782","SD","Negeri","572","31","3","10","0","1"
"UPT SD NEGERI 064008","10209792","SD","Negeri","45","10","3","6","0","1"
"UPT SD NEGERI 064997","10209843","SD","Negeri","162","9","3","7","0","0"
"UPT SD NEGERI 065001","10209842","SD","Negeri","350","18","1","7","0","1"
"UPT SD NEGERI 065002","10209841","SD","Negeri","181","8","2","8","0","1"
"UPT SD NEGERI 065003","10209840","SD","Negeri","199","15","2","12","0","1"
"UPT SD NEGERI 066657","10210175","SD","Negeri","281","18","2","12","0","1"
"UPT SD NEGERI 066660","10210174","SD","Negeri","169","13","2","8","0","1"
"UPT SD NEGERI 067265","10210148","SD","Negeri","158","10","2","7","0","1"
"UPT SD NEGERI 067266","10210147","SD","Negeri","279","14","2","6","1","1"
"UPT SD NEGERI 067267","10210146","SD","Negeri","94","10","2","6","0","1"
"UPT SD NEGERI 067268","10210145","SD","Negeri","289","14","3","7","0","1"
"UPT SD NEGERI 067269","10210156","SD","Negeri","429","19","3","13","0","1"
"UPT SD NEGERI 067692","10210158","SD","Negeri","108","9","2","6","0","1"
"UPT SD NEGERI 068292","10210239","SD","Negeri","115","10","2","6","0","0"
"UPT SD NEGERI 068426","10259350","SD","Negeri","470","22","2","11","1","1"
"UPT SD NEGERI 068474","10220808","SD","Negeri","454","22","2","6","0","1"
"UPT SD NEGERI 068475","10258529","SD","Negeri","451","18","2","13","1","1"
"SD GENERASI JENIUS BANGSA","70042528","SD","Swasta","13","4","4","5","0","0"
"SD ISLAM TERPADU PERMATA","69964874","SD","Swasta","402","20","2","17","0","1"
"SD SWASTA AMALIA PRIMA","69979605","SD","Swasta","282","11","1","11","0","0"
"SD SWASTA DARUSSALAM","10210328","SD","Swasta","255","13","1","21","1","1"
"SD SWASTA EUNIKE BIDAWANI","69967362","SD","Swasta","24","2","1","4","0","0"
"SD SWASTA GENPITA CERIA","70008599","SD","Swasta","175","11","1","6","0","1"
"SD SWASTA GIOVANI CEMERLANG","69996229","SD","Swasta","67","4","1","6","1","1"
"SD Swasta IT NURUL AZMI","69942665","SD","Swasta","309","19","1","14","0","1"
"SDS AL WASHLIYAH 30","10210258","SD","Swasta","482","26","1","20","0","1"
"SDS AL WASHLIYAH 31","10210260","SD","Swasta","622","21","2","19","0","1"
"SDS ALWASHLIYAH 26","10210321","SD","Swasta","193","7","2","7","0","1"
"SDS ALWASHLIYAH 28","10210259","SD","Swasta","206","9","1","8","0","2"
"SDS ALWASHLIYAH 29","10210261","SD","Swasta","436","19","1","19","0","1"
"SDS AMANDA","10261708","SD","Swasta","115","6","1","6","0","1"
"SDS DR.WAHIDIN SUDIROHUSODO","10210478","SD","Swasta","1381","57","12","30","6","3"
"SDS GENERASI BANGSA","69753917","SD","Swasta","457","20","1","12","1","0"
"SDS HARVARD","10210643","SD","Swasta","325","16","1","19","2","1"
"SDS HKBP SEI MATI","10210634","SD","Swasta","113","6","2","10","1","1"
"SDS ISLAM DESA BESAR","10210513","SD","Swasta","135","6","1","4","0","0"
"SDS ISLAM RABIATUL ADAWIYAH","10260554","SD","Swasta","272","11","2","7","0","1"
"SDS KRISTEN SUNGAI KEHIDUPAN","10261053","SD","Swasta","264","13","1","20","1","1"
"SDS SANTO MICHAEL","10259320","SD","Swasta","260","13","2","12","0","1"
"SDS SANTO PAULUS","10210605","SD","Swasta","246","8","2","13","2","1"
"SDS WALADUN SHALIH","10257918","SD","Swasta","486","22","1","12","0","1"
"SDS WASHLIYANI","10210505","SD","Swasta","144","10","1","12","1","1"
"SDS WIRA MANDIRI","69867909","SD","Swasta","235","9","1","9","1","1"
"SDS YASPENHAN 2","10259175","SD","Swasta","152","3","1","8","0","1"
"SDS YASPI","10210487","SD","Swasta","195","9","2","6","1","1"
"UPT SMP NEGERI 25 MEDAN","10210944","SMP","Negeri","733","41","4","25","2","1"
"UPT SMP NEGERI 44 MEDAN","10210994","SMP","Negeri","458","27","3","15","0","1"
"UPT SMP NEGERI 45 MEDAN","10210995","SMP","Negeri","571","34","7","19","2","1"
"UPT SMP NEGERI 5 MEDAN","10210996","SMP","Negeri","1084","65","6","24","4","1"
"SMP ALWASHLIYAH 30","10210207","SMP","Swasta","786","33","3","18","2","1"
"SMP DR.WAHIDIN SUDIROHUSODO","10210071","SMP","Swasta","752","48","2","29","4","1"
"SMP HARVARD","10257906","SMP","Swasta","245","12","1","11","4","2"
"SMP HKBP SEI MATI","10257316","SMP","Swasta","116","7","3","6","2","1"
"SMP ISLAM ANNUR PRIMA","69758998","SMP","Swasta","424","29","1","18","0","1"
"SMP IT ZAWIYATUL HUFFAZH","70039845","SMP","Swasta","48","12","1","3","0","0"
"SMP SANTO PAULUS MARTUBUNG","10210023","SMP","Swasta","178","9","5","8","2","1"
"SMP SWASTA AMANDA","69960385","SMP","Swasta","88","2","1","3","1","0"
"SMP SWASTA DARUSSALAM","10259738","SMP","Swasta","354","10","2","16","2","1"
"SMP SWASTA EUNIKE BIDAWANI","69975405","SMP","Swasta","7","1","1","3","0","1"
"SMP SWASTA GENERASI BANGSA","69991174","SMP","Swasta","163","9","3","7","1","1"
"SMP SWASTA ISLAM TERPADU NURUL AZMI","69991676","SMP","Swasta","83","18","3","4","1","1"
"SMP SWT YASPENHAN 2","10211038","SMP","Swasta","177","13","4","6","0","1"
"SMP SWT YASPI","10211040","SMP","Swasta","191","11","4","9","2","1"
"SMP WASHLIYANI","10239060","SMP","Swasta","119","6","2","5","1","1"
"SMAN 19 MEDAN","10210971","SMA","Negeri","1101","54","5","33","6","1"
"SMAN 20 MEDAN","10210854","SMA","Negeri","468","31","7","15","3","1"
"SMAN 9 MEDAN","10210862","SMA","Negeri","850","42","11","25","2","1"
"SMA SWASTA HARVARD","69942251","SMA","Swasta","111","8","1","5","2","1"
"SMAS DR WAHIDIN SUDIROHUSODO MEDAN","10210705","SMA","Swasta","727","43","18","32","6","1"
"SMAS SANTO PAULUS","10220782","SMA","Swasta","168","11","1","6","3","1"
"SMKN 12 MEDAN","10258082","SMK","Negeri","213","21","4","12","4","1"
"SMKN 13 MEDAN","69728769","SMK","Negeri","1468","75","8","22","1","0"
"SMK DELIMA NUSANTARA","69820109","SMK","Swasta","80","23","4","6","3","1"
"SMK SWASTA HARAPAN AL-WASHLIYAH","69979644","SMK","Swasta","905","25","5","19","3","1"
"SMKS HARVARD MEDAN","10261885","SMK","Swasta","109","9","0","7","3","1"
"SMKS SANTO PAULUS","69755699","SMK","Swasta","86","7","1","6","3","2"
"SMKS YASPI LABUHANDELI","10211085","SMK","Swasta","625","25","5","19","3","0"
"PKBM ZAI AKBAR KHAN","P9996258","PKBM","Swasta","96","0","1","3","0","0"
"SLB C ABDI KASIH","69787519","SLB","Swasta","50","13","1","22","1","1"
"TK AISYIYAH NO.8 CABANG MEDAN BARU","69914083","TK","Swasta","12","2","2","2","0","1"
"TK CITRA INDONESIA 2","69797306","TK","Swasta","35","2","1","2","0","0"
"TK EDU PRIME SCHOOL","69964915","TK","Swasta","24","1","1","3","0","1"
"TK HARAPAN","69797408","TK","Swasta","23","2","2","2","0","0"
"TK LETJEN HARYONO MT","10259255","TK","Swasta","52","3","1","2","1","1"
"TK MAYJEND SUTOYO SM","69924417","TK","Swasta","20","3","1","3","0","0"
"TK NIRMALA BM SUKMA","10258856","TK","Swasta","22","2","2","5","0","0"
"TK PANCA BUDI","10259707","TK","Swasta","74","8","1","4","0","1"
"TK RIZA","10258853","TK","Swasta","28","3","1","3","0","1"
"TK SEMESTA MANDIRI ISLAMIC SCHOOL","70034540","TK","Swasta","26","7","1","4","0","0"
"TK SHAFA MARWAH","69914035","TK","Swasta","26","5","1","4","0","1"
"TK SHAFIYYATUL AMALIYYAH","69797359","TK","Swasta","86","8","2","8","0","1"
"TK SWASTA AISYIYAH BUSTANUL ATHFAL 31","69915456","TK","Swasta","21","2","2","2","0","0"
"TK Swasta AL AMJAD","69945264","TK","Swasta","205","24","1","14","0","0"
"TK SWASTA BHINNEKA TUNGGAL IKA UNIVERSAL","69958523","TK","Swasta","13","2","1","2","0","1"
"TK SWASTA BRIGJEN KATAMSO","10259945","TK","Swasta","122","6","2","8","0","1"
"TK SWASTA HKBP MORIA","69978284","TK","Swasta","28","2","1","3","0","0"
"TK SWASTA JABAL RAHMAH MULIA","69964982","TK","Swasta","141","23","2","13","0","0"
"TK SWASTA JANNAT AL BAQI","69986450","TK","Swasta","17","2","1","4","0","0"
"TK SWASTA MEDAN MULIA / MIAN ZHONG","69982062","TK","Swasta","161","5","1","7","0","1"
"TK SWASTA MEDINA MEDAN","69914057","TK","Swasta","20","3","1","2","0","1"
"TK SWASTA OPTIMUS PRIMEA SCHOOL","70005632","TK","Swasta","14","2","2","4","0","0"
"TK SWASTA SANGKARA","69990157","TK","Swasta","1","2","1","3","0","1"
"TK SWASTA SRI BATARI 2","69910040","TK","Swasta","76","11","1","12","0","0"
"TK SWASTA SUARA NAFIRI STAR  KIDS","69914039","TK","Swasta","75","6","1","12","0","0"
"TK SWASTA SULTAN ISKANDAR MUDA","69797387","TK","Swasta","250","20","3","12","1","1"
"Tk.Supriyadi","69797375","TK","Swasta","7","3","1","3","0","0"
"TKS PLANET KIDS","69727249","TK","Swasta","9","2","1","3","0","1"
"TKS RAISA","69753190","TK","Swasta","11","3","1","7","0","0"
"BAKTI PERTIWI","69797313","KB","Swasta","25","2","1","4","0","1"
"KB PONDOK DAUD MEDAN","70041196","KB","Swasta","63","0","0","2","0","0"
"KB TUNAS PENDAWA MEDAN","70040815","KB","Swasta","36","1","0","2","0","0"
"PAUD KUNTUM MELATI","69924410","KB","Swasta","29","3","1","2","0","0"
"PAUD PERMATA HATI","69991862","KB","Swasta","32","4","1","1","0","0"
"PAUD PUTRI","69858867","KB","Swasta","33","3","1","2","0","0"
"PAUD RAPHA","69797293","KB","Swasta","34","1","1","3","0","0"
"PAUD RASMI","69954593","KB","Swasta","67","7","2","5","0","0"
"PAUD SUHERI","69797296","KB","Swasta","28","2","1","2","0","0"
"PAUD TUNAS BARU","69914305","KB","Swasta","18","1","1","2","0","0"
"UPT SD NEGERI 060831","10209979","SD","Negeri","118","9","3","8","0","1"
"UPT SD NEGERI 060887","10209958","SD","Negeri","120","9","2","6","0","0"
"UPT SD NEGERI 060888","10209957","SD","Negeri","152","11","1","7","0","0"
"UPT SD NEGERI 060914","10258056","SD","Negeri","251","20","2","14","0","1"
"UPT SD NEGERI 060915","10210229","SD","Negeri","242","19","2","7","0","1"
"UPT SD NEGERI 060916","10209964","SD","Negeri","162","12","3","10","1","1"
"UPT SD NEGERI 060917","10209963","SD","Negeri","197","15","2","14","1","1"
"UPT SD NEGERI 060919","10209947","SD","Negeri","83","7","3","6","0","1"
"UPT SD NEGERI 060921","10209833","SD","Negeri","140","8","3","4","0","1"
"UPT SD NEGERI 060922","10209818","SD","Negeri","203","15","2","6","0","1"
"UPT SD NEGERI 064018","10209802","SD","Negeri","155","9","2","9","0","0"
"UPT SD NEGERI 064020","10209801","SD","Negeri","364","17","3","13","0","1"
"UPT SD NEGERI 064979","10209880","SD","Negeri","595","28","5","19","0","1"
"UPT SD NEGERI 066655","10210176","SD","Negeri","333","20","2","12","0","0"
"UPT SD NEGERI 067099","10260083","SD","Negeri","85","9","3","7","0","1"
"UPT SD NEGERI 067242","10210171","SD","Negeri","302","16","1","7","0","1"
"UPT SD NEGERI 068083","10210144","SD","Negeri","198","12","2","7","0","1"
"SD SWASTA EDU PRIME SCHOOL","69985503","SD","Swasta","59","3","1","6","2","1"
"SD SWASTA IT AL-ISHLAH","69980942","SD","Swasta","119","1","2","6","0","1"
"SD SWASTA MEDAN MULIA / MIAN ZHONG","69981938","SD","Swasta","1022","28","2","19","1","1"
"SD SWASTA OPTIMUS PRIMEA SCHOOL","69986499","SD","Swasta","60","7","4","6","1","1"
"SD SWASTA PLUS ANBATA","69961642","SD","Swasta","349","20","4","14","0","0"
"SD SWASTA PLUS JANNAT AL BAQI","69985990","SD","Swasta","19","3","2","4","0","0"
"SD SWASTA SANGKARA","69992944","SD","Swasta","127","7","3","8","2","1"
"SDIT AL IRMA SOVRINA","70034479","SD","Swasta","20","1","3","3","0","0"
"SDS AL AMJAD","69947322","SD","Swasta","916","62","2","34","2","1"
"SDS AL WASHLIYAH PINANG BARIS","10257599","SD","Swasta","95","7","2","6","1","0"
"SDS AL WASHLIYAH TANJUNG REJO","10210362","SD","Swasta","145","6","2","6","0","1"
"SDS AWIRRASYIDIN","10220791","SD","Swasta","97","5","1","6","1","1"
"SDS BATARI","10260815","SD","Swasta","548","34","5","26","3","1"
"SDS BIG TOP","10260326","SD","Swasta","0","0","0","0","0","0"
"SDS BINA SEJAHTERA","10210335","SD","Swasta","37","4","0","7","1","1"
"SDS BM SUKMA","10257882","SD","Swasta","105","6","1","6","0","1"
"SDS BRIGJEND KATAMSO","10210334","SD","Swasta","602","26","1","30","2","1"
"SDS BUNAYYA","10210331","SD","Swasta","349","21","4","13","1","1"
"SDS DHARMA PALA","10210326","SD","Swasta","40","5","1","6","0","1"
"SDS DOREMA","10259292","SD","Swasta","83","5","1","6","1","1"
"SDS DWIWARNA","10210629","SD","Swasta","25","4","1","6","0","0"
"SDS IT ALMUSABBIHIN","10258876","SD","Swasta","499","28","4","20","2","1"
"SDS JABAL RAHMAH MULIA","69883656","SD","Swasta","644","34","5","26","1","2"
"SDS KARTIKA I-5","10210595","SD","Swasta","69","11","1","6","0","2"
"SDS LETJEN HARYONO MT","10259521","SD","Swasta","203","13","3","7","1","1"
"SDS MAYJEN SUTOYO","10210606","SD","Swasta","85","4","2","10","1","1"
"SDS NURUL HUDA","10259249","SD","Swasta","94","9","1","8","1","1"
"SDS PAB 35","10258817","SD","Swasta","35","3","2","4","0","0"
"SDS PAB 6","10210652","SD","Swasta","35","6","1","6","0","0"
"SDS PANCABUDI","10210649","SD","Swasta","411","31","4","23","3","1"
"SDS PESANTREN YPMA","10210590","SD","Swasta","217","11","1","15","1","1"
"SDS SHAFIYYATUL AMALIYYAH","10220783","SD","Swasta","399","39","4","32","2","1"
"SDS SULTAN ISKANDAR MUDA","10210519","SD","Swasta","1348","44","5","28","1","1"
"SDS SUPRIYADI","10210520","SD","Swasta","39","10","1","12","5","1"
"SEKOLAH DASAR ISLAM TERPADU PLUS USMAN BIN ALI","70035294","SD","Swasta","98","27","14","1","0","0"
"UPT SMP NEGERI 9 MEDAN","10210983","SMP","Negeri","600","33","9","22","2","1"
"SMP BUNGA BANGSA 6","10259030","SMP","Swasta","60","4","0","9","1","1"
"SMP PAB 15","10210091","SMP","Swasta","42","8","1","3","1","1"
"SMP PANCA BUDI","10210103","SMP","Swasta","323","26","3","15","2","1"
"SMP PLUS SHAFIYYATUL AMALIYYAH","10257758","SMP","Swasta","291","33","6","17","5","1"
"SMP SWASTA ALWASHLIYAH","10210201","SMP","Swasta","50","9","1","6","1","1"
"SMP SWASTA BATARI","69992290","SMP","Swasta","143","13","0","6","2","1"
"SMP SWASTA BINA SEJAHTERA MEDAN","10258055","SMP","Swasta","46","6","0","5","2","1"
"SMP SWASTA BRIGJEN KATAMSO","10257838","SMP","Swasta","497","25","1","28","2","1"
"SMP SWASTA DOREMA MEDAN","10259297","SMP","Swasta","51","4","2","3","2","1"
"SMP SWASTA ISLAM TERPADU AL MUSABBIHIN","69896786","SMP","Swasta","171","8","2","7","2","1"
"SMP SWASTA JABAL RAHMAH MULIA","69979815","SMP","Swasta","303","22","2","12","2","2"
"SMP SWASTA LETJEN HARIONO MT","10210119","SMP","Swasta","129","6","0","3","2","1"
"SMP SWASTA MAYJEND SUTOYO","10239052","SMP","Swasta","64","5","2","6","2","1"
"SMP SWASTA MEDAN MULIA / MIAN ZHONG","69981939","SMP","Swasta","261","19","2","10","1","1"
"SMP SWASTA SUPRIYADI","10211014","SMP","Swasta","17","4","1","6","2","2"
"SMP SWT BUDI SUNGGAL","10220901","SMP","Swasta","25","4","2","6","2","1"
"SMP SWT MUHAMMADIYAH 50","10210089","SMP","Swasta","162","9","1","6","1","1"
"SMP YPMA MEDAN","10211044","SMP","Swasta","101","8","1","7","2","1"
"SMPS AL AMJAD","69947321","SMP","Swasta","495","33","2","18","2","1"
"SMPS SULTAN ISKANDAR MUDA","10211013","SMP","Swasta","852","32","10","21","3","1"
"SMAN 15 MEDAN","10210864","SMA","Negeri","1203","67","15","34","4","1"
"SMA AWIRRASYIDIN","69816258","SMA","Swasta","95","2","1","3","1","1"
"SMA Swasta Al Amjad","69992945","SMA","Swasta","180","7","2","6","3","1"
"SMA Swasta Batari Polonia","10264684","SMA","Swasta","57","16","2","5","2","1"
"SMA Swasta Jabal Rahmah Mulia","70024552","SMA","Swasta","180","7","2","9","1","0"
"SMA Swasta Medan Mulia / Mianzhong","70004716","SMA","Swasta","204","10","1","7","3","1"
"SMAS BRIGJEND KATAMSO","10210820","SMA","Swasta","910","20","3","27","6","1"
"SMAS DOREMA","10259295","SMA","Swasta","42","3","0","3","1","1"
"SMAS LETJEND HARYONO MT","10210880","SMA","Swasta","113","9","1","6","2","1"
"SMAS MAYJEND SUTOYO SM","10210901","SMA","Swasta","70","7","3","6","7","1"
"SMAS PANCA BUDI MEDAN","10210931","SMA","Swasta","664","32","3","26","5","1"
"SMAS PLUS SHAFIYYATUL AMALIYYAH","10257759","SMA","Swasta","398","29","5","22","5","1"
"SMAS SULTAN ISKANDAR MUDA","10210843","SMA","Swasta","1160","41","13","27","6","1"
"SMKN 9 MEDAN","10210766","SMK","Negeri","2071","105","12","44","11","1"
"SMK SWASTA TRITECH INDONESIA","69954155","SMK","Swasta","100","4","4","8","1","1"
"SMKS BRIGJEN KATAMSO","10211252","SMK","Swasta","460","18","3","19","3","1"
"SMKS BUDI LUHUR","10211089","SMK","Swasta","2","2","0","3","3","1"
"SMKS BUDI SUNGGAL","10211255","SMK","Swasta","48","9","3","3","3","1"
"SMKS MAYJEND SUTOYO","69823298","SMK","Swasta","112","6","1","7","3","1"
"SMKS MEDAN AREA 1","10211277","SMK","Swasta","121","13","1","15","1","1"
"SMKS MUHAMMADIYAH 9 MEDAN","10211092","SMK","Swasta","576","28","5","33","0","1"
"SMKS NUSA PENIDA","10211274","SMK","Swasta","119","12","1","16","2","1"
"SMKS PANCA BUDI MEDAN","10211099","SMK","Swasta","669","35","3","18","5","2"
"SMKS SULTAN ISKANDAR MUDA","10211075","SMK","Swasta","499","12","9","13","3","1"
"PKBM BINA ANAK NUSANTARA","P2963564","PKBM","Swasta","302","6","1","7","2","1"
"SLB Swasta Mendengar Bicara","70040831","SLB","Swasta","24","9","2","8","0","1"
"PAUD GHAFA","69796531","TK","Swasta","139","5","1","7","0","0"
"TAMAN KANAK-KANAK SWASTA ISLAM TERPADU ARISA","69796536","TK","Swasta","72","7","1","5","0","0"
"TK BUNDA PERTIWI","10259291","TK","Swasta","29","4","1","3","0","0"
"TK BUSTAAN NUR","10261766","TK","Swasta","35","2","2","2","0","0"
"TK GOLDEN KINDER","70012608","TK","Swasta","37","5","1","4","0","0"
"TK PELITA KASIH","69995513","TK","Swasta","1","1","1","1","0","0"
"TK SWASTA AIR LANGGA","10259592","TK","Swasta","13","2","1","2","0","0"
"TK SWASTA HANG TUAH 2 TITI PAPAN","10259442","TK","Swasta","23","1","1","4","0","0"
"TK SWASTA HJ. NORA MUNAWWARAH KIM MEDAN","69910019","TK","Swasta","125","9","1","5","0","0"
"TK SWASTA KRISTEN HOSANA","69964299","TK","Swasta","71","3","1","4","0","1"
"TK SWASTA LENTERA KREASI CEMERLANG","69946206","TK","Swasta","66","2","1","1","0","0"
"TK SWASTA PERMATA MEDAN","10260212","TK","Swasta","0","0","0","0","0","0"
"TK SWASTA SINAR PEMBAHARUAN HIDUP","69948815","TK","Swasta","19","1","1","1","0","0"
"TK SWASTA SUNRISE KIDS","69964972","TK","Swasta","34","4","1","4","0","0"
"TK TRI BUANI","10259539","TK","Swasta","17","2","1","2","0","0"
"TK TRI MURNI","69797367","TK","Swasta","5","2","1","2","0","1"
"CITRA BANGSA","69796506","KB","Swasta","32","4","1","2","0","0"
"HARAPAN MANDIRI","69796465","KB","Swasta","69","4","2","2","0","0"
"KASIH IBU","69796503","KB","Swasta","26","1","2","2","0","0"
"KB JASMINE ISLAMIC","69986305","KB","Swasta","29","2","1","2","0","0"
"KB JOYFUL KIDS","70000857","KB","Swasta","0","0","0","0","0","0"
"KB TUNAS BANGSA","69974255","KB","Swasta","51","2","1","2","0","0"
"KB YUSUF AL MUNAWAROH","69969304","KB","Swasta","65","2","2","1","0","0"
"NUR HAFIZA 2","69796495","KB","Swasta","17","5","1","2","0","0"
"PAUD ABU HAFIZH","69858897","KB","Swasta","49","1","2","2","0","0"
"PAUD AL - HUDA","69908928","KB","Swasta","17","2","0","2","0","0"
"PAUD AL FAHMI","69915625","KB","Swasta","54","2","2","2","0","0"
"PAUD AL GHOFFARI","69796515","KB","Swasta","44","4","1","4","0","0"
"PAUD AL-MUKHLISIN","69901546","KB","Swasta","19","4","2","2","0","0"
"PAUD ANGGREK MANDIRI","69940228","KB","Swasta","31","2","2","2","0","0"
"PAUD AS-SALAM","69924418","KB","Swasta","47","4","1","4","0","0"
"PAUD ATIKA KIDS","69954420","KB","Swasta","27","3","1","2","0","0"
"PAUD EL SHADDAY","69939662","KB","Swasta","21","4","0","1","0","1"
"PAUD GALILEO PLUS","69954148","KB","Swasta","61","7","0","3","0","0"
"PAUD KOMPETENSI ARRAFIF","69906284","KB","Swasta","47","6","1","3","0","0"
"PAUD MADANI","69796481","KB","Swasta","53","3","1","6","0","0"
"PAUD NURUL ULUM","69910030","KB","Swasta","106","5","2","1","0","0"
"PAUD TASYA MABAR HILIR","69926704","KB","Swasta","35","1","1","1","0","0"
"Paud Yabes","69796484","KB","Swasta","80","7","4","10","0","0"
"PAUD YAYASAN PESONA","69919307","KB","Swasta","18","2","2","2","0","0"
"PAUD YOMAR","69917730","KB","Swasta","21","1","1","2","0","0"
"PRADA AULIA","69796546","KB","Swasta","92","6","0","4","0","0"
"SWADAYA","69796511","KB","Swasta","15","6","1","1","0","0"
"SYARAH","69858873","KB","Swasta","25","3","1","4","0","0"
"TK AGIOS NIKITAS","69924413","KB","Swasta","23","1","1","2","0","0"
"TUT WURI HANDAYANI","69796492","KB","Swasta","32","5","2","2","0","0"
"UPT SD NEGERI 060940","10209816","SD","Negeri","176","9","2","9","0","1"
"UPT SD NEGERI 060941","10209815","SD","Negeri","301","18","2","6","0","1"
"UPT SD NEGERI 060942","10209814","SD","Negeri","172","13","1","10","0","0"
"UPT SD NEGERI 060943","10209813","SD","Negeri","220","14","2","10","0","1"
"UPT SD NEGERI 060944","10209812","SD","Negeri","321","18","2","4","0","0"
"UPT SD NEGERI 060946","10209810","SD","Negeri","202","12","1","7","0","0"
"UPT SD NEGERI 060947","10209809","SD","Negeri","331","15","2","9","0","1"
"UPT SD NEGERI 064010","10209794","SD","Negeri","266","19","2","9","0","1"
"UPT SD NEGERI 064011","10209805","SD","Negeri","776","46","4","29","0","1"
"UPT SD NEGERI 064993","10209846","SD","Negeri","505","18","2","14","0","0"
"UPT SD NEGERI 064995","10257636","SD","Negeri","281","21","5","10","0","2"
"UPT SD NEGERI 066434","10210179","SD","Negeri","171","10","3","6","0","1"
"UPT SD NEGERI 066661","10210173","SD","Negeri","467","25","2","10","0","1"
"UPT SD NEGERI 067250","10210153","SD","Negeri","609","28","2","8","0","1"
"UPT SD NEGERI 067251","10210152","SD","Negeri","229","15","3","5","0","1"
"UPT SD NEGERI 067252","10210151","SD","Negeri","180","8","1","8","0","1"
"UPT SD NEGERI 067253","10257937","SD","Negeri","203","13","2","12","0","1"
"UPT SD NEGERI 067254","10210150","SD","Negeri","360","15","1","6","0","1"
"UPT SD NEGERI 067255","10210149","SD","Negeri","456","17","3","8","0","1"
"UPT SD NEGERI 067953","10210168","SD","Negeri","265","16","1","6","0","1"
"UPT SD NEGERI 068073","10210160","SD","Negeri","276","17","1","6","0","1"
"SD LENTERA KREASI CEMERLANG","69975010","SD","Swasta","128","2","1","1","0","0"
"SD SWASTA GALILEO PLUS MABAR","69985881","SD","Swasta","260","13","2","11","0","0"
"SD SWASTA ISLAM TERPADU ARISA","69896381","SD","Swasta","410","16","4","15","1","1"
"SD SWASTA ISLAM TERPADU GHAFA","69990129","SD","Swasta","213","10","1","10","0","1"
"SD SWASTA SUNRISE KIDS","70037963","SD","Swasta","60","5","1","7","0","0"
"SD SWASTA YABES SCHOOL","69967813","SD","Swasta","218","10","2","8","1","1"
"SDS AGIOS NIKITAS","10257974","SD","Swasta","138","5","1","10","0","0"
"SDS AIRLANGGA","10259591","SD","Swasta","99","8","4","6","2","1"
"SDS AL WASHLIYAH 27","10257871","SD","Swasta","107","6","0","7","1","1"
"SDS AL WASHLIYAH KM.6","10259411","SD","Swasta","128","5","1","6","1","1"
"SDS AMAL BAKTI I","10210483","SD","Swasta","220","10","1","19","1","1"
"SDS AMALYATUL HUDA","10257903","SD","Swasta","536","14","2","19","1","1"
"SDS ASUHAN JAYA","10258029","SD","Swasta","201","9","1","6","1","1"
"SDS ASUHAN RAYA","10258028","SD","Swasta","171","7","0","5","1","1"
"SDS BAHAGIA","10257845","SD","Swasta","755","23","1","24","2","1"
"SDS BAKTI II","10257641","SD","Swasta","720","22","1","12","1","1"
"SDS BANI ADAM AS","10260556","SD","Swasta","238","12","1","12","1","1"
"SDS BINA SATRIA MULIA","10259394","SD","Swasta","400","10","3","13","1","0"
"SDS BUDI MULIA","10257939","SD","Swasta","489","18","1","12","1","1"
"SDS HANDAYANI","10259658","SD","Swasta","265","8","1","14","0","1"
"SDS HANG TUAH-2 TITIPAPAN","10210630","SD","Swasta","172","10","5","9","2","1"
"SDS HOSANA","10210667","SD","Swasta","318","16","2","14","0","1"
"SDS ISLAM AL-GHOFARI","69886453","SD","Swasta","213","9","1","12","2","1"
"SDS ISLAM SETIA NURUL AZMI","69877396","SD","Swasta","1248","30","1","29","2","1"
"SDS MAYANG SARI","10258877","SD","Swasta","146","11","1","6","0","1"
"SDS NAHDHATUL ULAMA","10210692","SD","Swasta","125","8","0","4","0","1"
"SDS PAB 25","10210653","SD","Swasta","456","14","1","8","0","0"
"SDS PAB 27","10259237","SD","Swasta","457","11","1","7","0","0"
"SDS PELITA","10258035","SD","Swasta","1095","28","1","37","1","1"
"SDS PELITA KASIH","10258814","SD","Swasta","39","6","0","6","1","0"
"SDS PUTRA NEGERI","10254838","SD","Swasta","92","10","1","3","0","0"
"SDS SINAR PEMBAHARUAN HIDUP","10260886","SD","Swasta","125","6","4","8","0","1"
"SDS SURYA BAKTI","10258439","SD","Swasta","301","15","3","7","1","2"
"SDS TRI MURNI","10259196","SD","Swasta","53","6","2","6","3","1"
"UPT SMP NEGERI 24 MEDAN","10210943","SMP","Negeri","973","58","6","31","1","1"
"UPT SMP NEGERI 33 MEDAN","10210953","SMP","Negeri","727","43","1","25","2","1"
"UPT SMP NEGERI 42 MEDAN","10210992","SMP","Negeri","695","35","5","24","2","1"
"UPT SMP NEGERI 43 MEDAN","10210993","SMP","Negeri","615","37","4","20","1","1"
"SMP ALWASHLIYAH 31","10210245","SMP","Swasta","50","5","1","3","2","1"
"SMP ASUHAN JAYA","10220896","SMP","Swasta","152","9","1","11","1","1"
"SMP ASUHAN RAYA","10210220","SMP","Swasta","35","5","0","3","1","1"
"SMP BINA SATRIA MULIA","10259395","SMP","Swasta","219","16","1","9","2","1"
"SMP BUDI MULIA","10257912","SMP","Swasta","168","12","3","7","2","1"
"SMP HANG TUAH-2","10210033","SMP","Swasta","167","12","6","12","2","1"
"SMP MABAR","10257554","SMP","Swasta","51","9","1","3","1","1"
"SMP PAB 18","10239056","SMP","Swasta","90","5","2","3","1","1"
"SMP PELITA","10210098","SMP","Swasta","628","23","1","21","2","1"
"SMP SUCI MURNI","10211011","SMP","Swasta","62","0","1","3","2","1"
"SMP SWASTA AMAL BAKTI","10210211","SMP","Swasta","124","6","0","6","1","1"
"SMP SWASTA AMALYATUL HUDA","69961293","SMP","Swasta","233","5","2","6","1","1"
"SMP SWASTA BAHAGIA","10259988","SMP","Swasta","572","16","1","15","2","1"
"SMP SWASTA BAKTI - II","69963629","SMP","Swasta","329","11","1","9","2","1"
"SMP SWASTA BANI ADAM AS","10210217","SMP","Swasta","241","9","1","9","2","1"
"SMP SWASTA HOSANA","10210025","SMP","Swasta","205","14","1","8","2","1"
"SMP SWASTA IP DAARUL ARQAM","70029060","SMP","Swasta","133","10","1","6","1","1"
"SMP SWASTA ISLAM TERPADU IBNU HALIM","69901482","SMP","Swasta","230","9","1","6","2","1"
"SMP SWASTA TRI MURNI","10211059","SMP","Swasta","13","3","1","3","3","1"
"SMP SWASTA YABES SCHOOL","70036806","SMP","Swasta","50","0","1","2","0","0"
"SMP TUT WURI HANDAYANI","10211046","SMP","Swasta","54","3","1","6","1","1"
"SMPS ISLAM SETIA NURUL AZMI","69874378","SMP","Swasta","672","21","1","20","2","1"
"SMAS AMAL BAKTI","10210795","SMA","Swasta","85","10","3","3","2","1"
"SMAS ASUHAN DAYA","10257550","SMA","Swasta","157","5","0","6","1","1"
"SMAS BANI ADAM AS","10259074","SMA","Swasta","258","8","1","9","5","1"
"SMAS HOSANA","69888712","SMA","Swasta","109","10","3","6","5","1"
"SMAS SUCI MURNI","10210842","SMA","Swasta","50","5","2","3","2","1"
"SMAS TRI MURNI","10210826","SMA","Swasta","1","0","0","3","5","1"
"SMKS PERGURUAN MABAR","10211259","SMK","Swasta","72","8","1","4","1","1"
"PKBM ANAK BANGSA","P2963575","PKBM","Swasta","218","2","1","4","0","1"
"PKBM AZ ZAHRA","P2963596","PKBM","Swasta","226","0","1","5","0","0"
"TK AISYIAH CABANG TELADAN","10259221","TK","Swasta","24","2","1","2","0","0"
"TK BUDI MURNI I","10260136","TK","Swasta","22","2","1","3","0","0"
"TK ERIA","10261791","TK","Swasta","15","5","2","2","0","0"
"TK GRACIA SUSTAIN","10262152","TK","Swasta","128","8","2","8","0","0"
"TK MAHANAIM KIDS MEDAN","69727260","TK","Swasta","60","2","1","4","0","0"
"TK PRABHUDY PWKI","10259574","TK","Swasta","23","2","1","2","0","0"
"TK ST ANTONIUS","10259384","TK","Swasta","116","5","4","5","0","0"
"TK STURDY SCHOOL","69944989","TK","Swasta","8","1","1","2","0","1"
"TK SWASTA AISYIYAH BUSTANUL ATHFAL 16","69797395","TK","Swasta","65","3","1","3","0","0"
"TK SWASTA AMANAH","10259692","TK","Swasta","0","0","0","0","0","0"
"TK SWASTA HANG KESTURI","10259925","TK","Swasta","19","3","0","4","0","0"
"TK SWASTA METHODIST - 2","10259693","TK","Swasta","135","10","1","12","0","1"
"TK SWASTA NASRANI 3 MEDAN","69917038","TK","Swasta","40","2","2","2","0","1"
"TK SWASTA PARULIAN A","69949986","TK","Swasta","18","1","1","2","0","0"
"TK SWASTA PARULIAN B","69945002","TK","Swasta","15","1","0","1","0","0"
"TK SWASTA WIYATA DHARMA","10259741","TK","Swasta","41","4","3","6","0","0"
"TK TRIVIONA KIDS","70034100","TK","Swasta","21","4","3","3","0","0"
"TK WRSUPRATMAN 1","10262122","TK","Swasta","55","4","2","5","0","1"
"KASYAFATUL ISLAM","69796502","KB","Swasta","21","3","1","3","0","0"
"KB AR RAHMAN","69981186","KB","Swasta","15","3","1","2","0","0"
"PAUD AL WASHLIYAH","69904209","KB","Swasta","16","2","1","3","0","1"
"PAUD ALFIAH ATHFAL","69948608","KB","Swasta","8","1","1","2","0","0"
"PAUD ALISHA","69901548","KB","Swasta","4","1","1","2","0","0"
"PAUD IHSAN MADANI ( IKGS )","69900473","KB","Swasta","8","1","1","1","0","0"
"UPT SD NEGERI 060801","10209909","SD","Negeri","90","10","2","6","1","1"
"UPT SD NEGERI 060807","10210233","SD","Negeri","148","10","3","7","0","0"
"UPT SD NEGERI 060809","10259192","SD","Negeri","182","9","2","3","0","0"
"UPT SD NEGERI 060810","10209908","SD","Negeri","139","9","2","4","0","0"
"UPT SD NEGERI 060813","10209907","SD","Negeri","100","8","2","6","1","0"
"UPT SD NEGERI 060815","10209892","SD","Negeri","137","10","1","5","0","0"
"UPT SD NEGERI 060817","10210021","SD","Negeri","168","10","2","9","0","0"
"UPT SD NEGERI 060818","10209985","SD","Negeri","361","21","1","7","0","0"
"UPT SD NEGERI 060819","10209984","SD","Negeri","188","15","2","10","0","1"
"UPT SD NEGERI 060820","10209983","SD","Negeri","234","12","3","11","0","1"
"UPT SD NEGERI 060829","10209980","SD","Negeri","144","10","2","6","1","1"
"UPT SD NEGERI 064029","10209796","SD","Negeri","333","20","1","7","1","1"
"UPT SD NEGERI 064030","10220702","SD","Negeri","192","12","2","9","0","1"
"UPT SD NEGERI 064036","10209889","SD","Negeri","276","15","4","12","1","1"
"UPT SD NEGERI 064956","10209872","SD","Negeri","82","9","3","6","1","1"
"UPT SD NEGERI 066650","10210178","SD","Negeri","296","16","1","7","0","0"
"UPT SD NEGERI 067090","10210192","SD","Negeri","117","9","1","3","0","0"
"UPT SD NEGERI 067091","10210191","SD","Negeri","100","12","3","9","1","0"
"SD ISLAM TERPADU AL-ITTIHADIYAH TELADAN","69984125","SD","Swasta","110","2","1","5","1","1"
"SD SWASTA ADVENT 6 AIR BERSIH","69896416","SD","Swasta","126","5","1","6","1","1"
"SD SWASTA HANG KESTURI","10210619","SD","Swasta","75","13","3","13","2","1"
"SDS AL WASHLIYAH 09","10210356","SD","Swasta","73","7","1","6","1","1"
"SDS BERSUBSIDI WIDURI","10220707","SD","Swasta","10","4","1","6","1","1"
"SDS BUDI MURNI 3","10210603","SD","Swasta","135","6","5","11","1","1"
"SDS ERIA","10210628","SD","Swasta","104","8","1","13","3","1"
"SDS GRACIA SUSTAIN","10220709","SD","Swasta","602","30","6","24","0","1"
"SDS HKBP TELADAN","10210633","SD","Swasta","79","8","3","6","1","1"
"SDS METHODIST 2","10210683","SD","Swasta","653","33","5","39","2","1"
"SDS MUHAMMADIYAH 10","10210676","SD","Swasta","201","12","1","12","1","1"
"SDS NASRANI 3","10257935","SD","Swasta","217","10","2","9","0","1"
"SDS PARULIAN 1","10210658","SD","Swasta","107","7","4","6","6","1"
"SDS PARULIAN A","10220704","SD","Swasta","126","9","3","8","3","1"
"SDS PARULIAN B","10210648","SD","Swasta","126","7","2","6","2","1"
"SDS PRABHUDY PWKI SUMUT","10220708","SD","Swasta","109","9","1","6","0","0"
"SDS ST. ANTONIUS V","10210508","SD","Swasta","670","29","7","23","2","1"
"SDS WIYATA DHARMA","10210490","SD","Swasta","224","16","3","17","3","1"
"SDS WR SUPRATMAN 1","10210506","SD","Swasta","261","14","2","12","3","1"
"UPT SMP NEGERI 12 MEDAN","10210961","SMP","Negeri","825","51","6","27","2","2"
"UPT SMP NEGERI 3 MEDAN","10259233","SMP","Negeri","1046","65","4","23","2","2"
"UPT SMP NEGERI 4 MEDAN","10210990","SMP","Negeri","1045","67","6","44","5","1"
"UPT SMP NEGERI 6 MEDAN","10210997","SMP","Negeri","1026","60","7","23","1","1"
"UPT SMP NEGERI 8 MEDAN","10210984","SMP","Negeri","940","61","4","30","1","1"
"SMP BUDI MURNI 3","10210060","SMP","Swasta","167","10","6","10","3","3"
"SMP DWIWARNA MEDAN","10210070","SMP","Swasta","26","7","0","3","2","1"
"SMP ERIA","10210067","SMP","Swasta","107","9","2","6","5","1"
"SMP HANG KESTURI","10210034","SMP","Swasta","58","8","1","9","6","1"
"SMP INDONESIA MEMBANGUN","10210036","SMP","Swasta","95","5","0","4","4","1"
"SMP ISLAM TERPADU INDAH MEDAN","69980267","SMP","Swasta","121","9","2","8","2","1"
"SMP MMA UISU MEDAN","10210219","SMP","Swasta","109","11","1","4","2","1"
"SMP PGRI 4 MEDAN","10211022","SMP","Swasta","111","9","1","12","1","1"
"SMP SWASTA ADVENT AIR BERSIH MEDAN","69982289","SMP","Swasta","107","3","1","3","0","0"
"SMP SWASTA METHODIST-2 MEDAN","10210136","SMP","Swasta","697","27","1","24","6","1"
"SMP SWASTA SUTOMO 1","10211031","SMP","Swasta","1935","62","4","52","10","1"
"SMP SWASTA WIYATA DHARMA","10211034","SMP","Swasta","173","7","2","15","2","1"
"SMP SWT KATOLIK TRI SAKTI-I","10210077","SMP","Swasta","477","23","4","15","3","1"
"SMP SWT NASRANI 5","10210083","SMP","Swasta","155","10","6","11","2","1"
"SMP SWT PARULIAN 1","10210102","SMP","Swasta","163","12","3","7","4","1"
"SMP TPI","10211048","SMP","Swasta","52","7","3","3","2","0"
"SMP TUNAS GAJAH MADA","10257797","SMP","Swasta","51","6","1","6","2","1"
"SMP WR SUPRATMAN 1 MEDAN","10211045","SMP","Swasta","173","16","3","10","4","1"
"SMP YPK","10211043","SMP","Swasta","142","7","3","11","3","1"
"SMPS AL ITTIHADIYAH","10210202","SMP","Swasta","101","7","1","10","2","1"
"SMAN 10 MEDAN","10210874","SMA","Negeri","663","46","6","19","2","1"
"SMAN 18 MEDAN","10210852","SMA","Negeri","677","47","5","21","4","1"
"SMAN 5 MEDAN","10210858","SMA","Negeri","1286","81","18","37","5","1"
"SMAN 6 MEDAN","10210859","SMA","Negeri","629","42","6","18","5","1"
"SMA Swasta IT Indah","69986492","SMA","Swasta","1","3","1","3","5","1"
"SMAS ADVENT AIR BERSIH MEDAN","10210815","SMA","Swasta","168","7","1","7","3","1"
"SMAS AL ITTIHADIYAH","10210817","SMA","Swasta","107","1","1","9","6","1"
"SMAS DWIWARNA","10210706","SMA","Swasta","50","11","2","6","3","1"
"SMAS ERIA MEDAN","10210709","SMA","Swasta","353","25","1","17","7","1"
"SMAS HANG KESTURI","10210714","SMA","Swasta","62","5","5","8","6","1"
"SMAS INDONESIA MEMBANGUN","10210751","SMA","Swasta","281","13","4","8","5","1"
"SMAS METHODIST 2 MEDAN","10210903","SMA","Swasta","1583","50","6","44","6","1"
"SMAS NASRANI 3 MEDAN","10210821","SMA","Swasta","55","6","2","5","6","1"
"SMAS PARULIAN 1","10210911","SMA","Swasta","218","13","2","9","6","1"
"SMAS SUTOMO 1","10210848","SMA","Swasta","2724","81","7","99","14","1"
"SMAS TUNAS GAJAH MADA","10210827","SMA","Swasta","99","5","1","9","4","1"
"SMAS UISU MEDAN","10210828","SMA","Swasta","198","14","4","6","4","1"
"SMAS WIDIASANA UTAMA","10210830","SMA","Swasta","13","5","1","6","3","1"
"SMAS WIYATA DHARMA","10210918","SMA","Swasta","231","21","6","12","6","1"
"SMAS WR SUPRATMAN 1","10210829","SMA","Swasta","241","13","2","12","5","1"
"SMAS YPK MEDAN","10210868","SMA","Swasta","287","15","4","14","5","1"
"SMKN 1 MEDAN","10210976","SMK","Negeri","1208","76","3","36","5","1"
"SMK SWASTA ADVENT","69919141","SMK","Swasta","50","3","1","3","2","1"
"SMKS DWIWARNA","10211090","SMK","Swasta","345","41","9","37","4","1"
"SMKS ERIA","10211245","SMK","Swasta","70","12","2","6","2","1"
"SMKS INDONESIA MEMBANGUN 1","10211211","SMK","Swasta","473","23","4","23","2","1"
"SMKS INDONESIA MEMBANGUN 2","10211225","SMK","Swasta","132","10","2","6","2","1"
"SMKS INDONESIA MEMBANGUN 3","10259159","SMK","Swasta","107","6","2","7","1","1"
"SMKS MMA UISU","10211203","SMK","Swasta","380","8","2","11","2","1"
"SMKS PARULIAN 1","10211262","SMK","Swasta","153","9","1","12","3","1"
"SMKS PENERBANGAN ANGKASA MEDAN","10258861","SMK","Swasta","55","3","2","6","1","1"
"SMKS YPK","10211087","SMK","Swasta","316","24","5","33","3","1"
"PKBM TELADAN","P2963561","PKBM","Swasta","248","3","1","17","2","1"
"SLB B KARYA MURNI","10259452","SLB","Swasta","152","18","2","18","1","1"
"SLB TUNAGRAHITA SANTA LUSIA","10259518","SLB","Swasta","70","10","1","24","0","0"
